{
    "custom_editor_type": "custom_editor_icon",
    "describe": "",
    "has_upload": false,
    "import_export_folder_info": "/code_explorer_custom_root_folder_name/\u89d2\u8272\u5934\u50cf",
    "key": 134220326,
    "md5": "b0293836c885172d58998a9b71509717",
    "name": "\u66f9\u64cd0_1",
    "path": "ui/134220326",
    "res_name": "\u66f9\u64cd0.png",
    "res_type": "editor_icon",
    "size": "277X256",
    "sub_type": "icon",
    "uid": "134220326",
    "url": "https://kk3.nosdn.127.net/editor/png/28a5c1612feaee378004c80582b4705f.png",
    "version": 1
}