{
    "134225037": {
        "editor_effect": {
            "model_id": 134254010,
            "preview_icon": "",
            "name": "\u654c\u4eba\u51fa\u73b0\u7279\u6548",
            "describe": "134225037",
            "key": 134225037,
            "res_type": "kkres",
            "res_identify": "",
            "scale": 1.0,
            "uid": "134225037",
            "source_effect": [
                104230
            ],
            "version": 1,
            "md5": "563b663f199e907b35826fd03e63d540",
            "deps_info": {
                "deps": [
                    [
                        "editor_icon",
                        903038
                    ],
                    [
                        "editor_icon",
                        901034
                    ],
                    [
                        "editor_icon",
                        902895
                    ],
                    [
                        "editor_icon",
                        902469
                    ],
                    [
                        "editor_icon",
                        900073
                    ],
                    [
                        "editor_icon",
                        902750
                    ],
                    [
                        "editor_icon",
                        901841
                    ],
                    [
                        "editor_icon",
                        900965
                    ],
                    [
                        "editor_icon",
                        901945
                    ]
                ],
                "sound_id_list": [
                    111996
                ]
            }
        },
        "model": {
            "name": "\u654c\u4eba\u51fa\u73b0\u7279\u6548",
            "model_id": 134254010,
            "effect_path": "Fx_Effect/Realism/Fx_Common/Hit/Hit_X1_luxun_lhhl_c0003_copy",
            "meshes": [],
            "custom": true,
            "effect_keep": false,
            "effect_max_life": 0.5,
            "is_beam_effect": false
        }
    },
    "sub_type": null,
    "res_type": "editor_effect",
    "import_export_folder_info": "/code_explorer_custom_root_folder_name"
}