{
    "134225037": {
        "editor_effect": {
            "deps_info": {
                "deps": [],
                "sound_id_list": []
            },
            "describe": "134225037",
            "key": 134225037,
            "md5": "2f16d718e7c181edb86637423ef31bc7",
            "model_id": 134254010,
            "name": "\u654c\u4eba\u51fa\u73b0\u7279\u6548",
            "preview_icon": "",
            "res_identify": "",
            "res_type": "kkres",
            "scale": 1.0,
            "source_effect": [
                104230
            ],
            "uid": "134225037",
            "version": 1
        },
        "model": {
            "custom": true,
            "effect_keep": false,
            "effect_max_life": 0.5,
            "effect_path": "Fx_Effect/Realism/Fx_Common/Hit/Hit_X1_luxun_lhhl_c0003_copy",
            "is_beam_effect": false,
            "meshes": [],
            "model_id": 134254010,
            "name": "\u654c\u4eba\u51fa\u73b0\u7279\u6548"
        }
    },
    "sub_type": null,
    "res_type": "editor_effect",
    "import_export_folder_info": "/code_explorer_custom_root_folder_name"
}