{
    "path": "ui/134278270",
    "describe": "",
    "name": "Group 31 (1)_1",
    "res_name": "Group 31 (1).png",
    "key": 134278270,
    "uid": "134278270",
    "size": "1075X1080",
    "url": "https://kk3.nosdn.127.net/editor/png/10730f3235fe4ee907319452ac2edca4.png",
    "has_upload": false,
    "version": 1,
    "sub_type": "icon",
    "custom_editor_type": "custom_editor_icon",
    "md5": "f906866e80f4112f902c49e267ca83cc",
    "res_type": "editor_icon",
    "import_export_folder_info": "/code_explorer_custom_root_folder_name"
}