{
    "134276712": {
        "editor_effect": {
            "model_id": 134276712,
            "name": "\u9752\u9f99\u5043\u6708\u5200_2_1",
            "res_type": "kkres",
            "version": 1,
            "describe": "134277840",
            "key": 134276712,
            "res_identify": "",
            "scale": 1.0,
            "aoi_visibility": false,
            "source_effect": [
                102343
            ],
            "uid": 134276712,
            "md5": "47f0441beac13c5d0ef19902477bc35d",
            "deps_info": {
                "deps": [
                    [
                        "editor_icon",
                        901920
                    ],
                    [
                        "editor_icon",
                        901954
                    ],
                    [
                        "editor_icon",
                        901290
                    ],
                    [
                        "editor_icon",
                        902854
                    ],
                    [
                        "editor_icon",
                        901692
                    ],
                    [
                        "editor_icon",
                        901978
                    ],
                    [
                        "editor_icon",
                        903264
                    ],
                    [
                        "editor_icon",
                        902049
                    ],
                    [
                        "editor_icon",
                        903215
                    ],
                    [
                        "editor_icon",
                        901783
                    ],
                    [
                        "editor_icon",
                        900691
                    ]
                ],
                "sound_id_list": [
                    125076
                ]
            }
        },
        "model": {
            "name": "\u9752\u9f99\u5043\u6708\u5200_2_1",
            "model_id": 134276712,
            "meshes": [],
            "effect_path": "Fx_Effect/Realism/Fx_Skill/Soil/6b99815a-728e-4d93-ae30-bc8357e9f2ea",
            "custom": true,
            "effect_keep": false,
            "effect_max_life": 1.8800000193,
            "is_beam_effect": false
        }
    },
    "sub_type": null,
    "res_type": "editor_effect",
    "import_export_folder_info": "/code_explorer_custom_root_folder_name"
}