{
    "134264719": {
        "editor_effect": {
            "model_id": 134246022,
            "preview_icon": "",
            "name": "\u5f20\u89d2\u95ea\u7535",
            "describe": "134264719",
            "key": 134264719,
            "res_type": "kkres",
            "res_identify": "",
            "scale": 1.0,
            "uid": "134264719",
            "source_effect": [
                102778
            ],
            "version": 1,
            "md5": "a804ccac9ddba7f3122ca35a41b9e6ce",
            "deps_info": {
                "deps": [
                    [
                        "editor_icon",
                        902489
                    ],
                    [
                        "editor_icon",
                        902469
                    ],
                    [
                        "editor_icon",
                        900142
                    ],
                    [
                        "editor_icon",
                        901840
                    ],
                    [
                        "editor_icon",
                        901859
                    ]
                ],
                "sound_id_list": []
            }
        },
        "model": {
            "name": "\u5f20\u89d2\u95ea\u7535",
            "model_id": 134246022,
            "effect_path": "Fx_Effect/Realism/Fx_Skill/Line/Line_X1_WP_sdlian0001_copy",
            "meshes": [],
            "custom": true,
            "effect_keep": false,
            "effect_max_life": 1.499999985,
            "is_beam_effect": true
        }
    },
    "sub_type": null,
    "res_type": "editor_effect",
    "import_export_folder_info": "/code_explorer_custom_root_folder_name"
}