{
    "134228170": {
        "editor_effect": {
            "model_id": 134228170,
            "name": "\u84dd\u8272\u5149\u67f1",
            "res_type": "kkres",
            "version": 1,
            "describe": "\u84dd\u8272\u5149\u67f1",
            "key": 134228170,
            "res_identify": "all",
            "scale": 1.0,
            "aoi_visibility": false,
            "source_effect": [
                102841
            ],
            "uid": 134228170,
            "md5": "6119dca1bd5db7631dd3119f51f51859",
            "deps_info": {
                "deps": [
                    [
                        "editor_icon",
                        901466
                    ],
                    [
                        "editor_icon",
                        901411
                    ],
                    [
                        "editor_icon",
                        901307
                    ],
                    [
                        "editor_icon",
                        900691
                    ],
                    [
                        "editor_icon",
                        901835
                    ]
                ],
                "sound_id_list": []
            }
        },
        "model": {
            "name": "\u84dd\u8272\u5149\u67f1",
            "model_id": 134228170,
            "meshes": [],
            "effect_path": "Fx_Effect/Cartoon/Fx_Common/Back/Back_skill_a_02_a_04_copy",
            "custom": true,
            "effect_keep": false,
            "effect_max_boundingbox": [
                -25.35348892211914,
                -3.798415422439575,
                -5.662679672241211,
                25.35348892211914,
                29.212093353271484,
                5.5405964851379395
            ],
            "effect_max_life": 1.9799999499999998,
            "is_beam_effect": false
        }
    },
    "sub_type": null,
    "res_type": "editor_effect",
    "import_export_folder_info": "/code_explorer_custom_root_folder_name"
}