{
    "path": "ui/134255210",
    "describe": "",
    "name": "Group 31 (3)",
    "res_name": "Group 31 (3).png",
    "key": 134255210,
    "uid": "134255210",
    "size": "1149X1080",
    "url": "https://kk3.nosdn.127.net/editor/png/1e3ad97491a5db14bfd88903fa85a4c1.png",
    "has_upload": false,
    "version": 1,
    "sub_type": "icon",
    "custom_editor_type": "custom_editor_icon",
    "md5": "e1053c70dcba4cc879940b35d0927ce3",
    "res_type": "editor_icon",
    "import_export_folder_info": "/code_explorer_custom_root_folder_name"
}