{
    "134260693": {
        "editor_effect": {
            "deps_info": {
                "deps": [
                    [
                        "editor_icon",
                        900485
                    ],
                    [
                        "editor_icon",
                        901611
                    ],
                    [
                        "editor_icon",
                        900691
                    ],
                    [
                        "editor_icon",
                        901553
                    ],
                    [
                        "editor_icon",
                        900394
                    ],
                    [
                        "editor_icon",
                        901901
                    ],
                    [
                        "editor_icon",
                        900965
                    ],
                    [
                        "editor_icon",
                        901957
                    ]
                ],
                "sound_id_list": []
            },
            "describe": "134260693",
            "key": 134260693,
            "model_id": 134273334,
            "name": "\u91d1\u5e01\u6548\u679c2",
            "preview_icon": "",
            "res_identify": "",
            "scale": 1.0,
            "source_effect": [
                100655
            ],
            "uid": "134260693"
        },
        "model": {
            "custom": true,
            "effect_keep": false,
            "effect_max_life": 1.6,
            "effect_path": "Fx_Effect/Cartoon/Fx_Common/Prop/Porp_char_footstep_05_copy",
            "is_beam_effect": false,
            "materials": [],
            "meshes": [],
            "model_id": 134273334,
            "name": "\u91d1\u5e01\u6548\u679c2",
            "ori_material_infos": []
        }
    },
    "sub_type": null,
    "res_type": "editor_effect",
    "import_export_folder_info": "/code_explorer_custom_root_folder_name"
}