{
    "134240714": {
        "editor_effect": {
            "describe": "\u6a59\u8272\u706b\u7130\u73af\u7ed5",
            "editor_res": false,
            "key": 134240714,
            "model_id": 134273731,
            "name": "\u6a59\u8272\u706b\u7130\u73af\u7ed5",
            "offical_tags": [
                "\u5361\u901a",
                "code_Effect_Tag_Magical",
                "code_Effect_Tag_Orange",
                "code_Effect_Tag_Flame",
                "code_Effect_Tag_Surrounding",
                "code_Effect_Tag_Magical",
                "code_Effect_Tag_Buff"
            ],
            "preview_icon": "UP1EffectPreview/101132",
            "release_delete": [],
            "res_identify": "all",
            "res_type": "kkres",
            "scale": 1.0,
            "uid": "editor_effect_101132",
            "version": 1,
            "md5": "e29de270d20992c1ef808971fcbf3f10",
            "deps_info": {
                "deps": [
                    [
                        "editor_icon",
                        902065
                    ],
                    [
                        "editor_icon",
                        900872
                    ],
                    [
                        "editor_icon",
                        900478
                    ],
                    [
                        "editor_icon",
                        901307
                    ],
                    [
                        "editor_icon",
                        901762
                    ],
                    [
                        "editor_icon",
                        900691
                    ]
                ],
                "sound_id_list": []
            }
        },
        "model": {
            "effect_keep": true,
            "effect_max_boundingbox": [
                -4.375,
                -3.7750000953674316,
                -4.375,
                4.375,
                4.974999904632568,
                4.375
            ],
            "effect_max_life": -1,
            "effect_path": "Fx_Effect/Cartoon/Fx_Skill/Fire/Fire_5031_skill_01_01_copy",
            "meshes": [],
            "model_id": 134273731,
            "name": "\u7279\u65481132",
            "is_beam_effect": false
        }
    },
    "sub_type": null,
    "res_type": "editor_effect",
    "import_export_folder_info": "/code_explorer_custom_root_folder_name"
}