{
    "custom_editor_type": "custom_editor_icon",
    "describe": "",
    "has_upload": false,
    "key": 134220285,
    "md5": "91de6d3c94eef482d9ab7c7574ed6d5c",
    "name": "\u5468\u745c",
    "path": "ui/134220285",
    "res_name": "\u5468\u745c.webp",
    "size": "1024X1024",
    "sub_type": "icon",
    "uid": "134220285",
    "url": "https://kk3.nosdn.127.net/editor/webp/f220ba3a6dce912f933c7cf38705deb8.webp",
    "version": 1,
    "res_type": "editor_icon",
    "import_export_folder_info": "/code_explorer_custom_root_folder_name"
}