{
    "134276290": {
        "editor_effect": {
            "model_id": 134276290,
            "name": "\u6a59\u8272\u706b\u7130\u73af\u7ed5_1",
            "res_type": "kkres",
            "version": 1,
            "describe": "\u6a59\u8272\u706b\u7130\u73af\u7ed5",
            "key": 134276290,
            "res_identify": "all",
            "scale": 1.0,
            "aoi_visibility": false,
            "source_effect": [
                100169
            ],
            "uid": 134276290,
            "md5": "24aaa8edfa8a0b63dbb80ace6869b0c0",
            "deps_info": {
                "deps": [
                    [
                        "editor_icon",
                        902065
                    ],
                    [
                        "editor_icon",
                        900872
                    ],
                    [
                        "editor_icon",
                        900478
                    ],
                    [
                        "editor_icon",
                        901307
                    ],
                    [
                        "editor_icon",
                        901762
                    ],
                    [
                        "editor_icon",
                        900691
                    ]
                ],
                "sound_id_list": []
            }
        },
        "model": {
            "name": "\u6a59\u8272\u706b\u7130\u73af\u7ed5_1",
            "model_id": 134276290,
            "meshes": [],
            "effect_path": "Fx_Effect/Cartoon/Fx_Skill/Fire/be3e69d5-0552-4f4d-b1a6-373a3d7dc634",
            "custom": true,
            "effect_keep": true,
            "effect_max_boundingbox": [
                -4.375,
                -3.7750000953674316,
                -4.375,
                4.375,
                4.974999904632568,
                4.375
            ],
            "effect_max_life": -1,
            "is_beam_effect": false
        }
    },
    "sub_type": null,
    "res_type": "editor_effect",
    "import_export_folder_info": "/code_explorer_custom_root_folder_name"
}