<?xml version="1.0" encoding="utf-8"?>
<Resource>
	<Version>2</Version>
	<SMaterialData>
		<Root>
			<Sub/>
			<Entity type="SMaterialData">
				<name/>
				<info>
					<Layers count="2" ordered="true">
						<Element index="0">
							<LayerName>ring02_submat</LayerName>
							<ShaderName>Particle</ShaderName>
							<Parameters count="16" ordered="true">
								<Element index="0">
									<Name>DepthBuffer</Name>
									<Value>00000000-0000-0000-0000-000000000000</Value>
								</Element>
								<Element index="1">
									<Name>DiffuseTexture</Name>
									<Value>cbf3ea83-3b00-4164-834e-155ae516a829</Value>
								</Element>
								<Element index="2">
									<Name>SSProfilesTexture</Name>
									<Value>00000000-0000-0000-0000-000000000000</Value>
								</Element>
								<Element index="3">
									<Name>ScreenTexture</Name>
									<Value>00000000-0000-0000-0000-000000000000</Value>
								</Element>
								<Element index="4">
									<Name>tScatteringAndTransmittanceVolume</Name>
									<Value>00000000-0000-0000-0000-000000000000</Value>
								</Element>
								<Element index="5">
									<Name>tShadowMapArray</Name>
									<Value>00000000-0000-0000-0000-000000000000</Value>
								</Element>
								<Element index="6">
									<Name>InvFadeDistance</Name>
									<Value>0</Value>
								</Element>
								<Element index="7">
									<Name>Soft</Name>
									<Value>false</Value>
								</Element>
								<Element index="8">
									<Name>BloomScale</Name>
									<Value>0.5</Value>
								</Element>
								<Element index="9">
									<Name>Local</Name>
									<Value>true</Value>
								</Element>
								<Element index="10">
									<Name>Distortion</Name>
									<Value>false</Value>
								</Element>
								<Element index="11">
									<Name>DepthBias</Name>
									<Value>0</Value>
								</Element>
								<Element index="12">
									<Name>FogStrength</Name>
									<Value>0</Value>
								</Element>
								<Element index="13">
									<Name>HDRScale</Name>
									<Value>4.5</Value>
								</Element>
								<Element index="14">
									<Name>ModulateColor</Name>
									<Value>(1, 1, 1, 1)</Value>
								</Element>
								<Element index="15">
									<Name>UVScale</Name>
									<Value>(1, 1)</Value>
								</Element>
							</Parameters>
							<MultiPassMaterials count="0" ordered="true"/>
						</Element>
						<Element index="1">
							<LayerName>ring02_submat</LayerName>
							<ShaderName>Particle</ShaderName>
							<Parameters count="16" ordered="true">
								<Element index="0">
									<Name>DepthBuffer</Name>
									<Value>00000000-0000-0000-0000-000000000000</Value>
								</Element>
								<Element index="1">
									<Name>DiffuseTexture</Name>
									<Value>df01f2a9-7690-42b2-acc6-02754eacc988</Value>
								</Element>
								<Element index="2">
									<Name>SSProfilesTexture</Name>
									<Value>00000000-0000-0000-0000-000000000000</Value>
								</Element>
								<Element index="3">
									<Name>ScreenTexture</Name>
									<Value>00000000-0000-0000-0000-000000000000</Value>
								</Element>
								<Element index="4">
									<Name>tScatteringAndTransmittanceVolume</Name>
									<Value>00000000-0000-0000-0000-000000000000</Value>
								</Element>
								<Element index="5">
									<Name>tShadowMapArray</Name>
									<Value>00000000-0000-0000-0000-000000000000</Value>
								</Element>
								<Element index="6">
									<Name>InvFadeDistance</Name>
									<Value>0</Value>
								</Element>
								<Element index="7">
									<Name>Soft</Name>
									<Value>false</Value>
								</Element>
								<Element index="8">
									<Name>BloomScale</Name>
									<Value>0.5</Value>
								</Element>
								<Element index="9">
									<Name>Local</Name>
									<Value>true</Value>
								</Element>
								<Element index="10">
									<Name>Distortion</Name>
									<Value>false</Value>
								</Element>
								<Element index="11">
									<Name>DepthBias</Name>
									<Value>0</Value>
								</Element>
								<Element index="12">
									<Name>FogStrength</Name>
									<Value>0</Value>
								</Element>
								<Element index="13">
									<Name>HDRScale</Name>
									<Value>2</Value>
								</Element>
								<Element index="14">
									<Name>ModulateColor</Name>
									<Value>(1, 1, 1, 1)</Value>
								</Element>
								<Element index="15">
									<Name>UVScale</Name>
									<Value>(1, 1)</Value>
								</Element>
							</Parameters>
							<MultiPassMaterials count="0" ordered="true"/>
						</Element>
					</Layers>
				</info>
				<flags count="2" ordered="true">
					<Element index="0">1048624</Element>
					<Element index="1">1048624</Element>
				</flags>
				<customRenderset count="2" ordered="true">
					<Element index="0">0</Element>
					<Element index="1">0</Element>
				</customRenderset>
			</Entity>
		</Root>
	</SMaterialData>
</Resource>
