{
    "134276711": {
        "editor_effect": {
            "model_id": 134276711,
            "name": "\u5251\u6c14",
            "res_type": "kkres",
            "version": 1,
            "describe": "134245660",
            "key": 134276711,
            "res_identify": "",
            "scale": 1.0,
            "aoi_visibility": 2,
            "source_effect": 102763,
            "uid": 134276711,
            "md5": "8d7989b41535045f64c9a2a3528c3a28",
            "deps_info": {
                "deps": [
                    [
                        "editor_model",
                        205923
                    ],
                    [
                        "editor_icon",
                        900565
                    ],
                    [
                        "editor_icon",
                        902494
                    ],
                    [
                        "editor_icon",
                        900415
                    ],
                    [
                        "editor_icon",
                        900521
                    ]
                ],
                "sound_id_list": []
            }
        },
        "model": {
            "name": "\u5251\u6c14",
            "model_id": 134276711,
            "meshes": [],
            "effect_path": "Fx_Effect/Realism/Fx_Skill/Arcane/29a2c05d-0c70-4b1f-882c-129193bec129",
            "custom": true,
            "effect_keep": true,
            "effect_max_life": -1,
            "is_beam_effect": false
        }
    },
    "sub_type": null,
    "res_type": "editor_effect",
    "import_export_folder_info": "/code_explorer_custom_root_folder_name"
}