{
    "ps": 1,
    "c": [
        [
            "a+fD5nUGEe+rw2v-u3kcWA",
            {
                "default": 0.0,
                "desc": "\u62a4\u76fe",
                "desc_bit": 1,
                "key": "a+fD5nUGEe+rw2v-u3kcWA",
                "maximun": 70000000000000,
                "minimun": 0.0,
                "type": "Fixed"
            }
        ],
        [
            "MqBU93UQEe+u2Gv-u3kcWH",
            {
                "default": 30.0,
                "desc": "\u62a4\u76fe\u56de\u590d\u901f\u5ea6",
                "desc_bit": 1,
                "key": "MqBU93UQEe+u2Gv-u3kcWH",
                "maximun": 70000000000000,
                "minimun": 0.0,
                "type": "Fixed"
            }
        ],
        [
            "z53X7HVnEe+qKsmX3w1FmP",
            {
                "default": 0.0,
                "desc": "\u62a4\u76fe\u4e0a\u9650",
                "desc_bit": 1,
                "key": "z53X7HVnEe+qKsmX3w1FmP",
                "maximun": 70000000000000,
                "minimun": 0.0,
                "type": "Fixed"
            }
        ],
        [
            "1fHginVnEe+x3MmX3w1FmH",
            {
                "default": 0.0,
                "desc": "\u91d1\u5143\u5b9d",
                "desc_bit": 1,
                "key": "1fHginVnEe+x3MmX3w1FmH",
                "maximun": 70000000000000,
                "minimun": 0.0,
                "type": "Fixed"
            }
        ],
        [
            "9CTDoHVnEe+b+MmX3w1FmC",
            {
                "default": 0.0,
                "desc": "\u94f6\u5143\u5b9d",
                "desc_bit": 1,
                "key": "9CTDoHVnEe+b+MmX3w1FmC",
                "maximun": 70000000000000,
                "minimun": 0.0,
                "type": "Fixed"
            }
        ],
        [
            "pxoG73ckEe+q5U0R2f6d9K",
            {
                "default": 0.0,
                "desc": "\u4e34\u65f6\u62a4\u76fe\u503c",
                "desc_bit": 1,
                "key": "pxoG73ckEe+q5U0R2f6d9K",
                "maximun": 70000000000000,
                "minimun": 0.0,
                "type": "Fixed"
            }
        ]
    ],
    "p": [
        [
            "strength",
            {
                "k": "strength",
                "d": "\u529b\u91cf",
                "m": []
            }
        ],
        [
            "agility",
            {
                "k": "agility",
                "d": "\u654f\u6377",
                "m": []
            }
        ],
        [
            "intelligence",
            {
                "k": "intelligence",
                "d": "\u667a\u529b",
                "m": []
            }
        ],
        [
            "main",
            {
                "k": "main",
                "d": "\u4e3b\u5c5e\u6027",
                "m": []
            }
        ]
    ],
    "b": [
        [
            "hp_rec",
            {
                "default": 1.0,
                "desc": "\u751f\u547d\u6062\u590d",
                "maximun": 70000000000000,
                "minimun": 0.0
            }
        ]
    ]
}