{
    "134248605": {
        "editor_effect": {
            "model_id": 134248605,
            "name": "\u9ec4\u8272\u7bad\u96e8",
            "res_type": "kkres",
            "version": 1,
            "describe": "134248605",
            "key": 134248605,
            "res_identify": "",
            "scale": 1.0,
            "aoi_visibility": false,
            "source_effect": [
                101332
            ],
            "uid": 134248605,
            "md5": "66eddb6ab3684e7f54716c04a3c963f5",
            "deps_info": {
                "deps": [
                    [
                        "editor_icon",
                        901903
                    ],
                    [
                        "editor_icon",
                        902170
                    ],
                    [
                        "editor_icon",
                        901868
                    ],
                    [
                        "editor_icon",
                        901297
                    ]
                ],
                "sound_id_list": []
            }
        },
        "model": {
            "name": "\u9ec4\u8272\u7bad\u96e8",
            "model_id": 134248605,
            "meshes": [],
            "effect_path": "Fx_Effect/Cartoon/Fx_Skill/Soil/Soil_5081_skill_02_01_copy",
            "custom": true,
            "effect_keep": false,
            "effect_max_life": 2.0,
            "is_beam_effect": false
        }
    },
    "sub_type": null,
    "res_type": "editor_effect",
    "import_export_folder_info": "/code_explorer_custom_root_folder_name"
}