{
    "134237204": {
        "editor_effect": {
            "deps_info": {
                "deps": [
                    [
                        "editor_model",
                        206012
                    ],
                    [
                        "editor_icon",
                        901120
                    ],
                    [
                        "editor_icon",
                        903141
                    ]
                ],
                "sound_id_list": []
            },
            "describe": "134237204",
            "key": 134237204,
            "model_id": 134242907,
            "name": "\u91d1\u5e01\u6548\u679c1",
            "preview_icon": "",
            "res_identify": "",
            "scale": 1.0,
            "source_effect": [
                102579
            ],
            "uid": "134237204"
        },
        "model": {
            "custom": true,
            "effect_keep": false,
            "effect_max_life": 3.3636363636363638,
            "effect_path": "Fx_Effect/Realism/Fx_Common/Prop/Prop_X1_Gold_hyfa0001_copy",
            "is_beam_effect": false,
            "materials": [],
            "meshes": [],
            "model_id": 134242907,
            "name": "\u91d1\u5e01\u6548\u679c1",
            "ori_material_infos": []
        }
    },
    "sub_type": null,
    "res_type": "editor_effect",
    "import_export_folder_info": "/code_explorer_custom_root_folder_name"
}