<?xml version="1.0" encoding="utf-8"?>
<Resource>
	<Version>2</Version>
	<SMaterialData>
		<Root>
			<Sub/>
			<Entity type="SMaterialData">
				<name>_material</name>
				<info>
					<Layers count="5" ordered="true">
						<Element index="0">
							<LayerName>Light01_submat</LayerName>
							<ShaderName>Particle</ShaderName>
							<Parameters count="16" ordered="true">
								<Element index="0">
									<Name>DepthBuffer</Name>
									<Value>00000000-0000-0000-0000-000000000000</Value>
								</Element>
								<Element index="1">
									<Name>DiffuseTexture</Name>
									<Value>e18588c7-5ca6-4b72-b4cc-ce4717ef9cfc</Value>
								</Element>
								<Element index="2">
									<Name>SSProfilesTexture</Name>
									<Value>00000000-0000-0000-0000-000000000000</Value>
								</Element>
								<Element index="3">
									<Name>ScreenTexture</Name>
									<Value>00000000-0000-0000-0000-000000000000</Value>
								</Element>
								<Element index="4">
									<Name>tScatteringAndTransmittanceVolume</Name>
									<Value>00000000-0000-0000-0000-000000000000</Value>
								</Element>
								<Element index="5">
									<Name>tShadowMapArray</Name>
									<Value>00000000-0000-0000-0000-000000000000</Value>
								</Element>
								<Element index="6">
									<Name>BloomScale</Name>
									<Value>0.5</Value>
								</Element>
								<Element index="7">
									<Name>DepthBias</Name>
									<Value>0</Value>
								</Element>
								<Element index="8">
									<Name>Distortion</Name>
									<Value>false</Value>
								</Element>
								<Element index="9">
									<Name>FogStrength</Name>
									<Value>0</Value>
								</Element>
								<Element index="10">
									<Name>HDRScale</Name>
									<Value>10</Value>
								</Element>
								<Element index="11">
									<Name>InvFadeDistance</Name>
									<Value>0</Value>
								</Element>
								<Element index="12">
									<Name>Local</Name>
									<Value>false</Value>
								</Element>
								<Element index="13">
									<Name>ModulateColor</Name>
									<Value>(8, 11, 12, 10)</Value>
								</Element>
								<Element index="14">
									<Name>Soft</Name>
									<Value>false</Value>
								</Element>
								<Element index="15">
									<Name>UVScale</Name>
									<Value>(1, 1)</Value>
								</Element>
							</Parameters>
							<InactiveParameters count="0" ordered="true"/>
							<MultiPassMaterials count="0" ordered="true"/>
						</Element>
						<Element index="1">
							<LayerName>Light02_submat</LayerName>
							<ShaderName>Particle</ShaderName>
							<Parameters count="16" ordered="true">
								<Element index="0">
									<Name>DepthBuffer</Name>
									<Value>00000000-0000-0000-0000-000000000000</Value>
								</Element>
								<Element index="1">
									<Name>DiffuseTexture</Name>
									<Value>6e2b5305-cd84-4b61-b11c-98a306f102ff</Value>
								</Element>
								<Element index="2">
									<Name>SSProfilesTexture</Name>
									<Value>00000000-0000-0000-0000-000000000000</Value>
								</Element>
								<Element index="3">
									<Name>ScreenTexture</Name>
									<Value>00000000-0000-0000-0000-000000000000</Value>
								</Element>
								<Element index="4">
									<Name>tScatteringAndTransmittanceVolume</Name>
									<Value>00000000-0000-0000-0000-000000000000</Value>
								</Element>
								<Element index="5">
									<Name>tShadowMapArray</Name>
									<Value>00000000-0000-0000-0000-000000000000</Value>
								</Element>
								<Element index="6">
									<Name>BloomScale</Name>
									<Value>0.5</Value>
								</Element>
								<Element index="7">
									<Name>DepthBias</Name>
									<Value>0</Value>
								</Element>
								<Element index="8">
									<Name>Distortion</Name>
									<Value>false</Value>
								</Element>
								<Element index="9">
									<Name>FogStrength</Name>
									<Value>0</Value>
								</Element>
								<Element index="10">
									<Name>HDRScale</Name>
									<Value>5</Value>
								</Element>
								<Element index="11">
									<Name>InvFadeDistance</Name>
									<Value>0</Value>
								</Element>
								<Element index="12">
									<Name>Local</Name>
									<Value>false</Value>
								</Element>
								<Element index="13">
									<Name>ModulateColor</Name>
									<Value>(1, 1, 1, 1)</Value>
								</Element>
								<Element index="14">
									<Name>Soft</Name>
									<Value>false</Value>
								</Element>
								<Element index="15">
									<Name>UVScale</Name>
									<Value>(1, 1)</Value>
								</Element>
							</Parameters>
							<InactiveParameters count="0" ordered="true"/>
							<MultiPassMaterials count="0" ordered="true"/>
						</Element>
						<Element index="2">
							<LayerName>Light03_submat</LayerName>
							<ShaderName>Particle</ShaderName>
							<Parameters count="16" ordered="true">
								<Element index="0">
									<Name>DepthBuffer</Name>
									<Value>00000000-0000-0000-0000-000000000000</Value>
								</Element>
								<Element index="1">
									<Name>DiffuseTexture</Name>
									<Value>7988c8d9-0bad-4d13-a3de-2ae9f1a6763d</Value>
								</Element>
								<Element index="2">
									<Name>SSProfilesTexture</Name>
									<Value>00000000-0000-0000-0000-000000000000</Value>
								</Element>
								<Element index="3">
									<Name>ScreenTexture</Name>
									<Value>00000000-0000-0000-0000-000000000000</Value>
								</Element>
								<Element index="4">
									<Name>tScatteringAndTransmittanceVolume</Name>
									<Value>00000000-0000-0000-0000-000000000000</Value>
								</Element>
								<Element index="5">
									<Name>tShadowMapArray</Name>
									<Value>00000000-0000-0000-0000-000000000000</Value>
								</Element>
								<Element index="6">
									<Name>BloomScale</Name>
									<Value>0.5</Value>
								</Element>
								<Element index="7">
									<Name>DepthBias</Name>
									<Value>0</Value>
								</Element>
								<Element index="8">
									<Name>Distortion</Name>
									<Value>false</Value>
								</Element>
								<Element index="9">
									<Name>FogStrength</Name>
									<Value>0</Value>
								</Element>
								<Element index="10">
									<Name>HDRScale</Name>
									<Value>2</Value>
								</Element>
								<Element index="11">
									<Name>InvFadeDistance</Name>
									<Value>0</Value>
								</Element>
								<Element index="12">
									<Name>Local</Name>
									<Value>false</Value>
								</Element>
								<Element index="13">
									<Name>ModulateColor</Name>
									<Value>(8, 11, 12, 5)</Value>
								</Element>
								<Element index="14">
									<Name>Soft</Name>
									<Value>false</Value>
								</Element>
								<Element index="15">
									<Name>UVScale</Name>
									<Value>(1, 1)</Value>
								</Element>
							</Parameters>
							<InactiveParameters count="0" ordered="true"/>
							<MultiPassMaterials count="0" ordered="true"/>
						</Element>
						<Element index="3">
							<LayerName>Idle_glow_submat</LayerName>
							<ShaderName>Particle</ShaderName>
							<Parameters count="16" ordered="true">
								<Element index="0">
									<Name>DepthBuffer</Name>
									<Value>00000000-0000-0000-0000-000000000000</Value>
								</Element>
								<Element index="1">
									<Name>DiffuseTexture</Name>
									<Value>e8b892dc-ffd9-5c5b-b9f1-b17aff83d618</Value>
								</Element>
								<Element index="2">
									<Name>SSProfilesTexture</Name>
									<Value>00000000-0000-0000-0000-000000000000</Value>
								</Element>
								<Element index="3">
									<Name>ScreenTexture</Name>
									<Value>00000000-0000-0000-0000-000000000000</Value>
								</Element>
								<Element index="4">
									<Name>tScatteringAndTransmittanceVolume</Name>
									<Value>00000000-0000-0000-0000-000000000000</Value>
								</Element>
								<Element index="5">
									<Name>tShadowMapArray</Name>
									<Value>00000000-0000-0000-0000-000000000000</Value>
								</Element>
								<Element index="6">
									<Name>BloomScale</Name>
									<Value>0.5</Value>
								</Element>
								<Element index="7">
									<Name>DepthBias</Name>
									<Value>0</Value>
								</Element>
								<Element index="8">
									<Name>Distortion</Name>
									<Value>false</Value>
								</Element>
								<Element index="9">
									<Name>FogStrength</Name>
									<Value>0</Value>
								</Element>
								<Element index="10">
									<Name>HDRScale</Name>
									<Value>3</Value>
								</Element>
								<Element index="11">
									<Name>InvFadeDistance</Name>
									<Value>0</Value>
								</Element>
								<Element index="12">
									<Name>Local</Name>
									<Value>true</Value>
								</Element>
								<Element index="13">
									<Name>ModulateColor</Name>
									<Value>(1.2, 1.4, 1, 1)</Value>
								</Element>
								<Element index="14">
									<Name>Soft</Name>
									<Value>false</Value>
								</Element>
								<Element index="15">
									<Name>UVScale</Name>
									<Value>(1, 1)</Value>
								</Element>
							</Parameters>
							<InactiveParameters count="0" ordered="true"/>
							<MultiPassMaterials count="0" ordered="true"/>
						</Element>
						<Element index="4">
							<LayerName>Idle_star_submat</LayerName>
							<ShaderName>Particle</ShaderName>
							<Parameters count="16" ordered="true">
								<Element index="0">
									<Name>DepthBuffer</Name>
									<Value>00000000-0000-0000-0000-000000000000</Value>
								</Element>
								<Element index="1">
									<Name>DiffuseTexture</Name>
									<Value>dd66de72-b057-4948-b01b-ff75a769920e</Value>
								</Element>
								<Element index="2">
									<Name>SSProfilesTexture</Name>
									<Value>00000000-0000-0000-0000-000000000000</Value>
								</Element>
								<Element index="3">
									<Name>ScreenTexture</Name>
									<Value>00000000-0000-0000-0000-000000000000</Value>
								</Element>
								<Element index="4">
									<Name>tScatteringAndTransmittanceVolume</Name>
									<Value>00000000-0000-0000-0000-000000000000</Value>
								</Element>
								<Element index="5">
									<Name>tShadowMapArray</Name>
									<Value>00000000-0000-0000-0000-000000000000</Value>
								</Element>
								<Element index="6">
									<Name>BloomScale</Name>
									<Value>0.5</Value>
								</Element>
								<Element index="7">
									<Name>DepthBias</Name>
									<Value>0</Value>
								</Element>
								<Element index="8">
									<Name>Distortion</Name>
									<Value>false</Value>
								</Element>
								<Element index="9">
									<Name>FogStrength</Name>
									<Value>0</Value>
								</Element>
								<Element index="10">
									<Name>HDRScale</Name>
									<Value>3</Value>
								</Element>
								<Element index="11">
									<Name>InvFadeDistance</Name>
									<Value>0</Value>
								</Element>
								<Element index="12">
									<Name>Local</Name>
									<Value>true</Value>
								</Element>
								<Element index="13">
									<Name>ModulateColor</Name>
									<Value>(1, 1, 1, 1)</Value>
								</Element>
								<Element index="14">
									<Name>Soft</Name>
									<Value>false</Value>
								</Element>
								<Element index="15">
									<Name>UVScale</Name>
									<Value>(1, 1)</Value>
								</Element>
							</Parameters>
							<InactiveParameters count="0" ordered="true"/>
							<MultiPassMaterials count="0" ordered="true"/>
						</Element>
					</Layers>
				</info>
				<flags count="5" ordered="true">
					<Element index="0">1048608</Element>
					<Element index="1">1048608</Element>
					<Element index="2">1048608</Element>
					<Element index="3">3145760</Element>
					<Element index="4">3145760</Element>
				</flags>
				<CustomRenderset count="1" ordered="true">
					<Element index="0">0</Element>
				</CustomRenderset>
			</Entity>
		</Root>
	</SMaterialData>
</Resource>

