{
    "134273194": {
        "editor_effect": {
            "deps_info": {
                "deps": [
                    [
                        "editor_icon",
                        901307
                    ],
                    [
                        "editor_icon",
                        900568
                    ],
                    [
                        "editor_icon",
                        900691
                    ]
                ],
                "sound_id_list": []
            },
            "describe": "134273194",
            "key": 134273194,
            "model_id": 134227859,
            "name": "\u65e0\u58f0\u97f3\u84dd\u8272\u53d7\u51fb\u7279\u6548",
            "preview_icon": "",
            "res_identify": "",
            "scale": 1.0,
            "source_effect": [
                100799
            ],
            "uid": "134273194"
        },
        "model": {
            "custom": true,
            "effect_keep": false,
            "effect_max_life": 0.399999999,
            "effect_path": "Fx_Effect/Cartoon/Fx_Common/Hit/Hit_hit_ice_01_copy",
            "is_beam_effect": false,
            "materials": [],
            "meshes": [],
            "model_id": 134227859,
            "name": "\u65e0\u58f0\u97f3\u84dd\u8272\u53d7\u51fb\u7279\u6548",
            "ori_material_infos": []
        }
    },
    "sub_type": null,
    "res_type": "editor_effect",
    "import_export_folder_info": "/code_explorer_custom_root_folder_name"
}