{
    "134277961": {
        "editor_effect": {
            "model_id": 134277961,
            "name": "\u5251\u6c14_1",
            "res_type": "kkres",
            "version": 1,
            "describe": "134245660",
            "key": 134277961,
            "res_identify": "",
            "scale": 1.0,
            "aoi_visibility": 2,
            "source_effect": 102763,
            "uid": 134277961,
            "md5": "a2db2e7d42cba775814750669e19faa9",
            "deps_info": {
                "deps": [
                    [
                        "editor_model",
                        205923
                    ],
                    [
                        "editor_icon",
                        900565
                    ],
                    [
                        "editor_icon",
                        902494
                    ],
                    [
                        "editor_icon",
                        900415
                    ],
                    [
                        "editor_icon",
                        900521
                    ]
                ],
                "sound_id_list": []
            }
        },
        "model": {
            "name": "\u5251\u6c14_1",
            "model_id": 134277961,
            "meshes": [],
            "effect_path": "Fx_Effect/Realism/Fx_Skill/Arcane/386ab18b-3f67-40c0-b83b-b665cd86f130",
            "custom": true,
            "effect_keep": true,
            "effect_max_life": -1,
            "is_beam_effect": false
        }
    },
    "sub_type": null,
    "res_type": "editor_effect",
    "import_export_folder_info": "/code_explorer_custom_root_folder_name"
}