{
    "134277612": {
        "editor_effect": {
            "model_id": 134277612,
            "name": "\u5434\u516d\u5251",
            "res_type": "kkres",
            "version": 1,
            "describe": "134277612",
            "key": 134277612,
            "res_identify": "",
            "scale": 1.0,
            "aoi_visibility": false,
            "source_effect": [
                103023
            ],
            "uid": 134277612,
            "md5": "da6d9676eceaa8a5a913ae0226fb69fb",
            "deps_info": {
                "deps": [
                    [
                        "editor_model",
                        205259
                    ],
                    [
                        "editor_model",
                        205674
                    ],
                    [
                        "editor_icon",
                        902661
                    ],
                    [
                        "editor_icon",
                        902245
                    ],
                    [
                        "editor_icon",
                        901338
                    ],
                    [
                        "editor_icon",
                        902934
                    ],
                    [
                        "editor_icon",
                        902072
                    ],
                    [
                        "editor_icon",
                        902154
                    ],
                    [
                        "editor_icon",
                        901841
                    ],
                    [
                        "editor_icon",
                        900560
                    ]
                ],
                "sound_id_list": []
            }
        },
        "model": {
            "name": "\u5434\u516d\u5251",
            "model_id": 134277612,
            "meshes": [],
            "effect_path": "Fx_Effect/Realism/Fx_Skill/Knife/Knife_X1_xs_hf_b0001_copy",
            "custom": true,
            "effect_keep": false,
            "effect_max_life": 0.620000012,
            "is_beam_effect": false
        }
    },
    "sub_type": null,
    "res_type": "editor_effect",
    "import_export_folder_info": "/code_explorer_custom_root_folder_name"
}