{
    "134277330": {
        "editor_effect": {
            "model_id": 134283015,
            "preview_icon": "",
            "name": "\u5b9d\u7269\u6253\u9020\u5706\u5f62\u6307\u793a\u5668",
            "describe": "134277330",
            "key": 134277330,
            "res_type": "kkres",
            "res_identify": "",
            "scale": 1.0,
            "uid": "134277330",
            "source_effect": [
                102896
            ],
            "version": 1,
            "md5": "15196faa678c66511421b0f6efd880d7",
            "deps_info": {
                "deps": [
                    [
                        "editor_model",
                        205826
                    ],
                    [
                        "editor_icon",
                        900587
                    ],
                    [
                        "editor_icon",
                        902773
                    ],
                    [
                        "editor_icon",
                        902835
                    ]
                ],
                "sound_id_list": []
            }
        },
        "model": {
            "name": "\u5b9d\u7269\u6253\u9020\u5706\u5f62\u6307\u793a\u5668",
            "model_id": 134283015,
            "effect_path": "Fx_Effect/Realism/Fx_Ui/Ui_X1_zhishiqi_mubiao0001_copy",
            "meshes": [],
            "custom": true,
            "effect_keep": true,
            "effect_max_life": -1,
            "is_beam_effect": false
        }
    },
    "sub_type": null,
    "res_type": "editor_effect",
    "import_export_folder_info": "/code_explorer_custom_root_folder_name"
}