{
    "custom_editor_type": "custom_editor_icon",
    "describe": "",
    "has_upload": false,
    "key": 134278409,
    "md5": "081bf296f93b6e2b9ac1dd85e6e6f1f2",
    "name": "62d7a1c5-c254-4619-b430-1174c1a167a3",
    "path": "ui/134278409",
    "res_name": "62d7a1c5-c254-4619-b430-1174c1a167a3.webp",
    "size": "1024X1024",
    "sub_type": "icon",
    "uid": "134278409",
    "url": "https://kk3.nosdn.127.net/editor/webp/a61edfe1dc81eba3458cc5d97a00263f.webp",
    "version": 1,
    "res_type": "editor_icon",
    "import_export_folder_info": "/code_explorer_custom_root_folder_name/\u5e78\u5b58\u8005UI"
}