{
    "134276345": {
        "editor_effect": {
            "model_id": 134260353,
            "preview_icon": "",
            "name": "\u82cd\u5929\u5df2\u6b7b",
            "describe": "134276345",
            "key": 134276345,
            "res_type": "kkres",
            "res_identify": "",
            "scale": 1.0,
            "uid": "134276345",
            "source_effect": [
                102776
            ],
            "version": 1,
            "md5": "36c8693ab241b8af835e828150e3ec33",
            "deps_info": {
                "deps": [
                    [
                        "editor_model",
                        205303
                    ],
                    [
                        "editor_model",
                        205375
                    ],
                    [
                        "editor_icon",
                        900693
                    ],
                    [
                        "editor_icon",
                        900587
                    ],
                    [
                        "editor_icon",
                        901774
                    ],
                    [
                        "editor_icon",
                        901294
                    ],
                    [
                        "editor_icon",
                        901347
                    ],
                    [
                        "editor_icon",
                        902123
                    ],
                    [
                        "editor_icon",
                        902422
                    ],
                    [
                        "editor_icon",
                        902122
                    ],
                    [
                        "editor_icon",
                        901548
                    ],
                    [
                        "editor_icon",
                        901841
                    ],
                    [
                        "editor_icon",
                        901568
                    ],
                    [
                        "editor_icon",
                        901314
                    ],
                    [
                        "editor_icon",
                        902109
                    ]
                ],
                "sound_id_list": []
            }
        },
        "model": {
            "name": "\u82cd\u5929\u5df2\u6b7b",
            "model_id": 134260353,
            "effect_path": "Fx_Effect/Realism/Fx_Skill/Electric/Electric_Yxsg_zhangjiao_tianmo_ac0001_copy",
            "meshes": [],
            "custom": true,
            "effect_keep": false,
            "effect_max_life": 2.150000006,
            "is_beam_effect": false
        }
    },
    "sub_type": null,
    "res_type": "editor_effect",
    "import_export_folder_info": "/code_explorer_custom_root_folder_name"
}