{
    "134222931": {
        "editor_effect": {
            "deps_info": {
                "deps": [
                    [
                        "editor_icon",
                        902469
                    ],
                    [
                        "editor_icon",
                        900587
                    ],
                    [
                        "editor_icon",
                        900752
                    ],
                    [
                        "editor_icon",
                        900468
                    ],
                    [
                        "editor_icon",
                        901026
                    ],
                    [
                        "editor_icon",
                        901251
                    ],
                    [
                        "editor_icon",
                        902096
                    ],
                    [
                        "editor_icon",
                        902480
                    ],
                    [
                        "editor_icon",
                        901695
                    ],
                    [
                        "editor_icon",
                        901151
                    ],
                    [
                        "editor_icon",
                        902114
                    ]
                ],
                "sound_id_list": []
            },
            "describe": "134222931",
            "key": 134222931,
            "model_id": 134222931,
            "name": "\u9f99\u9b54\u7ea2\u8272\u4f20\u9001",
            "res_identify": "",
            "scale": 1.0,
            "source_effect": 101734,
            "uid": 134222931
        },
        "model": {
            "custom": true,
            "effect_keep": true,
            "effect_max_life": -1,
            "effect_path": "Fx_Effect/Realism/Fx_Common/Back/Back_send_birth_001_copy",
            "is_beam_effect": false,
            "materials": [],
            "meshes": [],
            "model_id": 134222931,
            "name": "\u9f99\u9b54\u7ea2\u8272\u4f20\u9001",
            "ori_material_infos": []
        }
    },
    "sub_type": null,
    "res_type": "editor_effect",
    "import_export_folder_info": "/code_explorer_custom_root_folder_name"
}