{
    "134273341": {
        "editor_effect": {
            "model_id": 134273341,
            "name": "\u82cd\u5929\u5df2\u6b7b\u63d0\u793a",
            "res_type": "kkres",
            "version": 1,
            "describe": "134273341",
            "key": 134273341,
            "res_identify": "",
            "scale": 1.0,
            "aoi_visibility": false,
            "source_effect": [
                101260
            ],
            "uid": 134273341,
            "md5": "d66d188d991a087ee956033159650f0a",
            "deps_info": {
                "deps": [
                    [
                        "editor_icon",
                        902170
                    ],
                    [
                        "editor_icon",
                        901334
                    ]
                ],
                "sound_id_list": []
            }
        },
        "model": {
            "name": "\u82cd\u5929\u5df2\u6b7b\u63d0\u793a",
            "model_id": 134273341,
            "meshes": [],
            "effect_path": "Fx_Effect/Cartoon/Fx_Ui/Ui_5069_skill_huanhua_04_01_es2_copy",
            "custom": true,
            "effect_keep": false,
            "effect_max_life": 2.0,
            "is_beam_effect": false
        }
    },
    "sub_type": null,
    "res_type": "editor_effect",
    "import_export_folder_info": "/code_explorer_custom_root_folder_name"
}