{
    "134242264": {
        "editor_effect": {
            "model_id": 134242264,
            "name": "\u706b\u6d77",
            "res_type": "kkres",
            "version": 1,
            "describe": "\u6a59\u8272\u706b\u7130\u5ca9\u6d46",
            "key": 134242264,
            "res_identify": "all",
            "scale": 1.0,
            "aoi_visibility": false,
            "source_effect": [
                101788
            ],
            "uid": 134242264,
            "md5": "e9c8bf544ac3aa6ad2372e3a9fdce40a",
            "deps_info": {
                "deps": [
                    [
                        "editor_icon",
                        902065
                    ],
                    [
                        "editor_icon",
                        901392
                    ],
                    [
                        "editor_icon",
                        900701
                    ],
                    [
                        "editor_icon",
                        900797
                    ],
                    [
                        "editor_icon",
                        901335
                    ],
                    [
                        "editor_icon",
                        901364
                    ],
                    [
                        "editor_icon",
                        900828
                    ],
                    [
                        "editor_icon",
                        901831
                    ],
                    [
                        "editor_icon",
                        902074
                    ],
                    [
                        "editor_icon",
                        901307
                    ],
                    [
                        "editor_icon",
                        900691
                    ]
                ],
                "sound_id_list": []
            }
        },
        "model": {
            "name": "\u706b\u6d77",
            "model_id": 134242264,
            "meshes": [],
            "effect_path": "Fx_Effect/Realism/Fx_Skill/Fire/Fire_Lave_001_copy",
            "custom": true,
            "effect_keep": true,
            "effect_max_boundingbox": [
                -13.965832710266113,
                -12.850000381469727,
                -13.965832710266113,
                13.965832710266113,
                13.55000114440918,
                13.965832710266113
            ],
            "effect_max_life": -1,
            "is_beam_effect": false
        }
    },
    "sub_type": null,
    "res_type": "editor_effect",
    "import_export_folder_info": "/code_explorer_custom_root_folder_name"
}