{
    "134253817": {
        "editor_effect": {
            "model_id": 134253817,
            "name": "\u6a59\u8272\u5200\u5149",
            "res_type": "kkres",
            "version": 1,
            "describe": "\u6a59\u8272\u5200\u5149",
            "key": 134253817,
            "res_identify": "all",
            "scale": 1.0,
            "aoi_visibility": false,
            "source_effect": [
                103987
            ],
            "uid": 134253817,
            "md5": "cf9edba45e2686ac1ab8209b3a1a6978",
            "deps_info": {
                "deps": [
                    [
                        "editor_model",
                        205919
                    ],
                    [
                        "editor_icon",
                        900168
                    ],
                    [
                        "editor_icon",
                        900436
                    ],
                    [
                        "editor_icon",
                        902474
                    ],
                    [
                        "editor_icon",
                        901308
                    ],
                    [
                        "editor_icon",
                        900099
                    ],
                    [
                        "editor_icon",
                        901852
                    ],
                    [
                        "editor_icon",
                        901403
                    ],
                    [
                        "editor_icon",
                        901116
                    ],
                    [
                        "editor_icon",
                        900074
                    ],
                    [
                        "editor_icon",
                        901541
                    ],
                    [
                        "editor_icon",
                        900119
                    ],
                    [
                        "editor_icon",
                        901142
                    ],
                    [
                        "editor_icon",
                        902106
                    ],
                    [
                        "editor_icon",
                        901698
                    ],
                    [
                        "editor_icon",
                        902365
                    ],
                    [
                        "editor_icon",
                        901558
                    ],
                    [
                        "editor_icon",
                        900349
                    ]
                ],
                "sound_id_list": []
            }
        },
        "model": {
            "name": "\u6a59\u8272\u5200\u5149",
            "model_id": 134253817,
            "meshes": [],
            "effect_path": "Fx_Effect/OtherType/Fx_Skill/Knife/Knife_JiuGuan_attack0001_copy",
            "custom": true,
            "effect_keep": false,
            "effect_max_boundingbox": [
                -9.531919479370117,
                -14.547224044799805,
                -9.676485061645508,
                9.531919479370117,
                14.493183135986328,
                9.168740272521973
            ],
            "effect_max_life": 1.0,
            "is_beam_effect": false
        }
    },
    "sub_type": null,
    "res_type": "editor_effect",
    "import_export_folder_info": "/code_explorer_custom_root_folder_name"
}