{
    "134243760": {
        "editor_effect": {
            "describe": "\u6a59\u8272\u706b\u7130\u65cb\u8f6c",
            "editor_res": false,
            "key": 134243760,
            "model_id": 134274883,
            "name": "\u6a59\u8272\u706b\u7130\u65cb\u8f6c",
            "offical_tags": [
                "\u5199\u5b9e",
                "\u9b54\u5e7b",
                "\u7384\u5e7b",
                "\u6a59\u8272",
                "\u65cb\u8f6c",
                "\u706b\u7130",
                "\u6269\u6563",
                "\u70df\u96fe"
            ],
            "preview_icon": "UP1EffectPreview/104937",
            "release_delete": [],
            "res_group": 54,
            "res_identify": "all",
            "res_type": "kkres",
            "scale": 1.0,
            "uid": "editor_effect_104937",
            "version": 1,
            "md5": "135e487b593df68b0edf22f34911be94",
            "source_effect": [],
            "deps_info": {
                "deps": [
                    [
                        "editor_model",
                        205765
                    ],
                    [
                        "editor_icon",
                        901256
                    ],
                    [
                        "editor_icon",
                        900307
                    ],
                    [
                        "editor_icon",
                        900519
                    ],
                    [
                        "editor_icon",
                        902021
                    ],
                    [
                        "editor_icon",
                        902469
                    ],
                    [
                        "editor_icon",
                        900308
                    ],
                    [
                        "editor_icon",
                        900322
                    ],
                    [
                        "editor_icon",
                        900215
                    ],
                    [
                        "editor_icon",
                        901921
                    ],
                    [
                        "editor_icon",
                        901210
                    ],
                    [
                        "editor_icon",
                        901092
                    ],
                    [
                        "editor_icon",
                        900561
                    ],
                    [
                        "editor_icon",
                        901098
                    ],
                    [
                        "editor_icon",
                        900555
                    ],
                    [
                        "editor_icon",
                        902958
                    ],
                    [
                        "editor_icon",
                        901945
                    ]
                ],
                "sound_id_list": []
            }
        },
        "model": {
            "effect_keep": true,
            "effect_max_boundingbox": [
                -6.058243751525879,
                -5.808243751525879,
                -6.058243751525879,
                6.058243751525879,
                6.308243751525879,
                6.058243751525879
            ],
            "effect_max_life": -1,
            "effect_path": "Fx_Effect/Overseas/Fx_Skill/Fire/Fire_overseas_900040_ability4_a0001_copy",
            "meshes": [],
            "model_id": 134274883,
            "name": "Fire_overseas_900040_ability4_a0001",
            "is_beam_effect": false
        }
    },
    "sub_type": null,
    "res_type": "editor_effect",
    "import_export_folder_info": "/code_explorer_custom_root_folder_name"
}