{
    "custom_editor_type": "custom_editor_icon",
    "describe": "",
    "has_upload": false,
    "key": 134242440,
    "md5": "54057fcbbd9e1a1cbfb2136ffef6b3d9",
    "name": "90519379-7fd6-442c-a988-ceff6a598a32",
    "path": "ui/134242440",
    "res_name": "90519379-7fd6-442c-a988-ceff6a598a32.webp",
    "size": "1024X1024",
    "sub_type": "icon",
    "uid": "134242440",
    "url": "https://kk3.nosdn.127.net/editor/webp/67e2ac09cbdf5cb1c1996030cd7fc4c1.webp",
    "version": 1,
    "res_type": "editor_icon",
    "import_export_folder_info": "/code_explorer_custom_root_folder_name/\u5e78\u5b58\u8005UI"
}