{
    "134238277": {
        "editor_effect": {
            "model_id": 134238277,
            "name": "fireRing_1",
            "res_type": "kkres",
            "version": 1,
            "describe": "134271445",
            "key": 134238277,
            "res_identify": "",
            "scale": 1.0,
            "aoi_visibility": false,
            "source_effect": 104650,
            "uid": 134238277,
            "md5": "a5f0d4c097f24baa4af90eeb0b9e9e87",
            "deps_info": {
                "deps": [
                    [
                        "editor_model",
                        205836
                    ],
                    [
                        "editor_icon",
                        900978
                    ],
                    [
                        "editor_icon",
                        901454
                    ],
                    [
                        "editor_icon",
                        903084
                    ],
                    [
                        "editor_icon",
                        902437
                    ],
                    [
                        "editor_icon",
                        902092
                    ],
                    [
                        "editor_icon",
                        902602
                    ],
                    [
                        "editor_icon",
                        901968
                    ],
                    [
                        "editor_icon",
                        902578
                    ],
                    [
                        "editor_icon",
                        900482
                    ]
                ],
                "sound_id_list": []
            }
        },
        "model": {
            "name": "fireRing_1",
            "model_id": 134238277,
            "meshes": [],
            "effect_path": "Fx_Effect/Overseas/Fx_Skill/Knife/136da9ce-682b-41ca-b1a4-d801bc908493",
            "custom": true,
            "effect_keep": true,
            "effect_max_life": -1,
            "is_beam_effect": false
        }
    },
    "sub_type": null,
    "res_type": "editor_effect",
    "import_export_folder_info": "/code_explorer_custom_root_folder_name"
}