{
    "134224529": {
        "editor_effect": {
            "model_id": 134266138,
            "preview_icon": "",
            "name": "\u654c\u4eba\u51fa\u73b0\u63d0\u793a",
            "describe": "134224529",
            "key": 134224529,
            "res_type": "kkres",
            "res_identify": "",
            "scale": 1.0,
            "uid": "134224529",
            "source_effect": [
                101908
            ],
            "version": 1,
            "md5": "439aedc3c3d3423b161b67233e72cbba",
            "deps_info": {
                "deps": [
                    [
                        "editor_icon",
                        901142
                    ]
                ],
                "sound_id_list": []
            }
        },
        "model": {
            "name": "\u654c\u4eba\u51fa\u73b0\u63d0\u793a",
            "model_id": 134266138,
            "effect_path": "Fx_Effect/Realism/Fx_Ui/Ui_P_Arrow_002_copy",
            "meshes": [],
            "custom": true,
            "effect_keep": true,
            "effect_max_life": -1,
            "is_beam_effect": false
        }
    },
    "sub_type": null,
    "res_type": "editor_effect",
    "import_export_folder_info": "/code_explorer_custom_root_folder_name"
}