{
    "custom_editor_type": "custom_editor_icon",
    "describe": "",
    "has_upload": false,
    "import_export_folder_info": "/code_explorer_custom_root_folder_name/\u89d2\u8272\u5934\u50cf",
    "key": 134245903,
    "md5": "a7c1aad42778a8aefcb7df69d6bd986e",
    "name": "\u5468\u745c0_1",
    "path": "ui/134245903",
    "res_name": "\u5468\u745c0.png",
    "res_type": "editor_icon",
    "size": "273X264",
    "sub_type": "icon",
    "uid": "134245903",
    "url": "https://kk3.nosdn.127.net/editor/png/f60436bd57d177289cec6fee87b7412d.png",
    "version": 1
}