{
    "local_variable": {
        "544051202": {
            "variable_dict": {}, 
            "variable_length_dict": {}
        }, 
        "1075290114": {
            "variable_dict": {}, 
            "variable_length_dict": {}
        }
    }, 
    "trigger_dict": {
        "544051202": {
            "action": [
                {
                    "action_type": "SET_UNIT_SELECT_EFFECT_VISIBLE", 
                    "args_list": [
                        {
                            "arg_type": 100006, 
                            "args_list": [], 
                            "sub_type": "CUR_UNIT"
                        }, 
                        {
                            "arg_type": 100001, 
                            "args_list": [
                                false
                            ], 
                            "sub_type": 1
                        }
                    ], 
                    "bp": false, 
                    "element_id": 544051202000002, 
                    "enable": true
                }
            ], 
            "call_enabled": true, 
            "condition": [], 
            "enabled": true, 
            "event": [
                {
                    "args_list": [], 
                    "element_id": 544051202000001, 
                    "enable": true, 
                    "event_type": "UNIT_BORN"
                }
            ], 
            "group_id": 134271857, 
            "p_trigger_id": null, 
            "trigger_id": 544051202, 
            "trigger_name": "\u65b0\u5efa\u89e6\u53d1\u5668_2", 
            "valid": true, 
            "var_data": [
                {}, 
                {}, 
                []
            ]
        }, 
        "1075290114": {
            "action": [
                {
                    "action_type": "CALL_TRIGGER_FUNC", 
                    "args_list": [
                        {
                            "arg_type": 100177, 
                            "args_list": [
                                {
                                    "arg_type": 100002, 
                                    "args_list": [
                                        1
                                    ], 
                                    "sub_type": 1
                                }, 
                                {
                                    "arg_type": 100006, 
                                    "args_list": [], 
                                    "sub_type": "CUR_UNIT"
                                }
                            ], 
                            "op_arg": [], 
                            "op_arg_enable": [], 
                            "sub_type": "c6678180792f11ee938630d042e90e85"
                        }
                    ], 
                    "bp": false, 
                    "call_rt_arg_idxes": [], 
                    "element_id": 1075290114000019, 
                    "enable": true
                }, 
                {
                    "action_type": "SET_VARIABLE", 
                    "args_list": [
                        {
                            "arg_type": 100030, 
                            "args_list": [
                                [
                                    "INTEGER", 
                                    "\u5e78\u5b58\u8005_\u5206\u6570"
                                ]
                            ], 
                            "sub_type": 1
                        }, 
                        {
                            "arg_type": 100002, 
                            "args_list": [
                                {
                                    "arg_type": 100002, 
                                    "args_list": [
                                        [
                                            "INTEGER", 
                                            "\u5e78\u5b58\u8005_\u5206\u6570"
                                        ]
                                    ], 
                                    "sub_type": 6
                                }, 
                                {
                                    "arg_type": 100016, 
                                    "args_list": [
                                        "+"
                                    ], 
                                    "sub_type": 1
                                }, 
                                {
                                    "arg_type": 100002, 
                                    "args_list": [
                                        1
                                    ], 
                                    "sub_type": 1
                                }
                            ], 
                            "sub_type": "MATH_OPERATION"
                        }
                    ], 
                    "bp": false, 
                    "element_id": 1075290114000021, 
                    "enable": true
                }
            ], 
            "call_enabled": true, 
            "condition": [], 
            "enabled": true, 
            "event": [
                {
                    "args_list": [], 
                    "element_id": 1075290114000004, 
                    "enable": true, 
                    "event_type": "UNIT_DIE"
                }
            ], 
            "group_id": 134271857, 
            "p_trigger_id": null, 
            "trigger_id": 1075290114, 
            "trigger_name": "\u65b0\u5efa\u89e6\u53d1\u5668", 
            "valid": true, 
            "var_data": [
                {}, 
                {}, 
                []
            ]
        }
    }, 
    "trigger_group_info": [
        {
            "_trigger_group_": true, 
            "group": [
                {
                    "__tuple__": true, 
                    "items": [
                        544051202, 
                        "\u65b0\u5efa\u89e6\u53d1\u5668_2"
                    ]
                }, 
                {
                    "__tuple__": true, 
                    "items": [
                        1075290114, 
                        "\u65b0\u5efa\u89e6\u53d1\u5668"
                    ]
                }
            ], 
            "key": 134271857, 
            "name": "134271857"
        }
    ], 
    "trigger_version": "1.2", 
    "variable_dict": {}, 
    "variable_group_info": [], 
    "variable_length_dict": {}
}