{
    "134245660": {
        "editor_effect": {
            "model_id": 134245660,
            "name": "\u5251\u6c14",
            "res_type": "kkres",
            "version": 1,
            "describe": "134245660",
            "key": 134245660,
            "res_identify": "",
            "scale": 1.0,
            "aoi_visibility": false,
            "source_effect": 102763,
            "uid": 134245660,
            "md5": "5ba0204b97bf88783ab4d7c647c22a5e",
            "deps_info": {
                "deps": [
                    [
                        "editor_model",
                        205923
                    ],
                    [
                        "editor_icon",
                        900565
                    ],
                    [
                        "editor_icon",
                        902494
                    ],
                    [
                        "editor_icon",
                        900415
                    ],
                    [
                        "editor_icon",
                        900521
                    ]
                ],
                "sound_id_list": []
            }
        },
        "model": {
            "name": "\u5251\u6c14",
            "model_id": 134245660,
            "meshes": [],
            "effect_path": "Fx_Effect/Realism/Fx_Skill/Arcane/Arcane_Yxsg_ssx_yujianjue_0002_copy_1",
            "custom": true,
            "effect_keep": true,
            "effect_max_life": -1,
            "is_beam_effect": false
        }
    },
    "sub_type": null,
    "res_type": "editor_effect",
    "import_export_folder_info": "/code_explorer_custom_root_folder_name"
}