{
    "134226979": {
        "editor_effect": {
            "deps_info": {
                "deps": [
                    [
                        "editor_icon",
                        901708
                    ]
                ],
                "sound_id_list": []
            },
            "describe": "134223076",
            "key": 134226979,
            "model_id": 134226979,
            "name": "LY\u51fa\u602a\u5b9a\u5236\u7ea2",
            "res_identify": "",
            "scale": 1.0,
            "source_effect": 102611,
            "uid": 134226979
        },
        "model": {
            "custom": true,
            "effect_keep": false,
            "effect_max_life": 3.0,
            "effect_path": "Fx_Effect/Realism/Fx_Ui/Ui_X1_qinglong_abc0001_copy_copy",
            "is_beam_effect": false,
            "meshes": [],
            "model_id": 134226979,
            "name": "LY\u51fa\u602a\u5b9a\u5236X"
        }
    },
    "sub_type": null,
    "res_type": "editor_effect",
    "import_export_folder_info": "/code_explorer_custom_root_folder_name"
}