{
    "path": "ui/134241821",
    "describe": "",
    "name": "Group 31 (5)_1",
    "res_name": "Group 31 (5).png",
    "key": 134241821,
    "uid": "134241821",
    "size": "1075X1080",
    "url": "https://kk3.nosdn.127.net/editor/png/38004b0dd8b4936cd9eca933f12460ef.png",
    "has_upload": false,
    "version": 1,
    "sub_type": "icon",
    "custom_editor_type": "custom_editor_icon",
    "md5": "ced7e484e635cb0ad2cbb5f3ac7e0881",
    "res_type": "editor_icon",
    "import_export_folder_info": "/code_explorer_custom_root_folder_name"
}