{
    "134256527": {
        "editor_effect": {
            "model_id": 134256527,
            "name": "\u5200\u5149_3",
            "res_type": "kkres",
            "version": 1,
            "describe": "134229742",
            "key": 134256527,
            "res_identify": "",
            "scale": 1.0,
            "aoi_visibility": false,
            "source_effect": [
                100418
            ],
            "uid": 134256527,
            "md5": "ac4e05c1838fb2907ef76ba7a5cec165",
            "deps_info": {
                "deps": [
                    [
                        "editor_icon",
                        900869
                    ],
                    [
                        "editor_icon",
                        901149
                    ],
                    [
                        "editor_icon",
                        901954
                    ],
                    [
                        "editor_icon",
                        901288
                    ],
                    [
                        "editor_icon",
                        900394
                    ],
                    [
                        "editor_icon",
                        902074
                    ],
                    [
                        "editor_icon",
                        901900
                    ],
                    [
                        "editor_icon",
                        901872
                    ],
                    [
                        "editor_icon",
                        902156
                    ],
                    [
                        "editor_icon",
                        900605
                    ]
                ],
                "sound_id_list": []
            }
        },
        "model": {
            "name": "\u5200\u5149_3",
            "model_id": 134256527,
            "meshes": [],
            "effect_path": "Fx_Effect/Cartoon/Fx_Skill/Fire/4a9887ac-25b1-41ba-bf27-907b69787531",
            "custom": true,
            "effect_keep": true,
            "effect_max_life": -1,
            "is_beam_effect": false
        }
    },
    "sub_type": null,
    "res_type": "editor_effect",
    "import_export_folder_info": "/code_explorer_custom_root_folder_name"
}