{
    "custom_editor_type": "custom_editor_icon",
    "describe": "",
    "has_upload": false,
    "import_export_folder_info": "/code_explorer_custom_root_folder_name",
    "key": 134259163,
    "md5": "e1e10bb921cf6cc7e1bdc6b43b57e760",
    "name": "",
    "path": "ui/134259163",
    "res_name": ".png",
    "res_type": "editor_icon",
    "size": "512X512",
    "sub_type": "icon",
    "uid": "134259163",
    "url": "https://kk3.nosdn.127.net/editor//33244ea894a802a89f5ebbd5e53d8556",
    "version": 1
}