{
    "134220608": {
        "editor_effect": {
            "model_id": 134220608,
            "name": "\u5b9d\u7269\u5706\u5f62\u5012\u8ba1\u65f6\u6307\u793a\u5668",
            "res_type": "kkres",
            "version": 1,
            "describe": "134220608",
            "key": 134220608,
            "res_identify": "",
            "scale": 1.0,
            "aoi_visibility": false,
            "source_effect": [
                100910
            ],
            "uid": 134220608,
            "md5": "1c8e68a31ca9c4264bd277f295a023b0",
            "deps_info": {
                "deps": [
                    [
                        "editor_icon",
                        900867
                    ],
                    [
                        "editor_icon",
                        901142
                    ],
                    [
                        "editor_icon",
                        901695
                    ]
                ],
                "sound_id_list": []
            }
        },
        "model": {
            "name": "\u5b9d\u7269\u5706\u5f62\u5012\u8ba1\u65f6\u6307\u793a\u5668",
            "model_id": 134220608,
            "meshes": [],
            "effect_path": "Fx_Effect/Cartoon/Fx_Ui/Ui_warning_circle_05_01_copy",
            "custom": true,
            "effect_keep": false,
            "effect_max_life": 5.19999981,
            "is_beam_effect": false
        }
    },
    "sub_type": null,
    "res_type": "editor_effect",
    "import_export_folder_info": "/code_explorer_custom_root_folder_name"
}