{
    "134253342": {
        "editor_effect": {
            "model_id": 134253342,
            "name": "\u4e91\u6d41\u5203_1",
            "res_type": "kkres",
            "version": 1,
            "describe": "134253342",
            "key": 134253342,
            "res_identify": "",
            "scale": 1.0,
            "aoi_visibility": false,
            "source_effect": [
                103987
            ],
            "uid": 134253342,
            "md5": "ce9e00e470fd2f0ba958ec17a52de40a",
            "deps_info": {
                "deps": [
                    [
                        "editor_model",
                        205919
                    ],
                    [
                        "editor_icon",
                        900168
                    ],
                    [
                        "editor_icon",
                        901308
                    ],
                    [
                        "editor_icon",
                        900099
                    ],
                    [
                        "editor_icon",
                        901852
                    ],
                    [
                        "editor_icon",
                        901403
                    ],
                    [
                        "editor_icon",
                        901116
                    ],
                    [
                        "editor_icon",
                        900074
                    ],
                    [
                        "editor_icon",
                        901541
                    ],
                    [
                        "editor_icon",
                        900119
                    ],
                    [
                        "editor_icon",
                        902474
                    ],
                    [
                        "editor_icon",
                        901698
                    ],
                    [
                        "editor_icon",
                        902365
                    ],
                    [
                        "editor_icon",
                        901558
                    ],
                    [
                        "editor_icon",
                        900349
                    ]
                ],
                "sound_id_list": []
            }
        },
        "model": {
            "name": "\u4e91\u6d41\u5203_1",
            "model_id": 134253342,
            "meshes": [],
            "effect_path": "Fx_Effect/OtherType/Fx_Skill/Knife/Knife_JiuGuan_attack0001_copy_1",
            "custom": true,
            "effect_keep": false,
            "effect_max_life": 1.0,
            "is_beam_effect": false
        }
    },
    "sub_type": null,
    "res_type": "editor_effect",
    "import_export_folder_info": "/code_explorer_custom_root_folder_name"
}