{
    "134255068": {
        "editor_effect": {
            "model_id": 134255068,
            "name": "\u5251\u6c14_2",
            "res_type": "kkres",
            "version": 1,
            "describe": "134245660",
            "key": 134255068,
            "res_identify": "",
            "scale": 1.0,
            "aoi_visibility": false,
            "source_effect": 102763,
            "uid": 134255068,
            "md5": "aad9526be750aed35fa28274019a3cd7",
            "deps_info": {
                "deps": [
                    [
                        "editor_model",
                        205923
                    ],
                    [
                        "editor_icon",
                        900565
                    ],
                    [
                        "editor_icon",
                        902494
                    ],
                    [
                        "editor_icon",
                        900415
                    ],
                    [
                        "editor_icon",
                        900521
                    ]
                ],
                "sound_id_list": []
            }
        },
        "model": {
            "name": "\u5251\u6c14_2",
            "model_id": 134255068,
            "meshes": [],
            "effect_path": "Fx_Effect/Realism/Fx_Skill/Arcane/c9f1bda2-5862-404f-b654-d64ecf52e26f",
            "custom": true,
            "effect_keep": true,
            "effect_max_life": -1,
            "is_beam_effect": false
        }
    },
    "sub_type": null,
    "res_type": "editor_effect",
    "import_export_folder_info": "/code_explorer_custom_root_folder_name"
}