<?xml version="1.0" encoding="utf-8"?>
<Resource>
	<Version>2</Version>
	<SMaterialData>
		<Root>
			<Sub/>
			<Entity type="SMaterialData">
				<name/>
				<info>
					<Layers count="12" ordered="true">
						<Element index="0">
							<LayerName>__none___submat</LayerName>
							<ShaderName>Particle</ShaderName>
							<Parameters count="19" ordered="true">
								<Element index="0">
									<Name>DepthBuffer</Name>
									<Value>00000000-0000-0000-0000-000000000000</Value>
								</Element>
								<Element index="1">
									<Name>DiffuseTexture</Name>
									<Value>ffffffff-0100-0000-0100-000047000000</Value>
								</Element>
								<Element index="2">
									<Name>ScreenTexture</Name>
									<Value>00000000-0000-0000-0000-000000000000</Value>
								</Element>
								<Element index="3">
									<Name>SSProfilesTextureGlobel</Name>
									<Value>00000000-0000-0000-0000-000000000000</Value>
								</Element>
								<Element index="4">
									<Name>tIRVDayTextureA</Name>
									<Value>00000000-0000-0000-0000-000000000000</Value>
								</Element>
								<Element index="5">
									<Name>tShadowMapArray</Name>
									<Value>00000000-0000-0000-0000-000000000000</Value>
								</Element>
								<Element index="6">
									<Name>tIRVNightTextureA</Name>
									<Value>00000000-0000-0000-0000-000000000000</Value>
								</Element>
								<Element index="7">
									<Name>tScatteringAndTransmittanceVolume</Name>
									<Value>00000000-0000-0000-0000-000000000000</Value>
								</Element>
								<Element index="8">
									<Name>AdditionColor</Name>
									<Value>(1,1,1,1)</Value>
								</Element>
								<Element index="9">
									<Name>InvFadeDistance</Name>
									<Value>0</Value>
								</Element>
								<Element index="10">
									<Name>Soft</Name>
									<Value>false</Value>
								</Element>
								<Element index="11">
									<Name>BloomScale</Name>
									<Value>0.5</Value>
								</Element>
								<Element index="12">
									<Name>Local</Name>
									<Value>true</Value>
								</Element>
								<Element index="13">
									<Name>Distortion</Name>
									<Value>false</Value>
								</Element>
								<Element index="14">
									<Name>DepthBias</Name>
									<Value>0</Value>
								</Element>
								<Element index="15">
									<Name>FogStrength</Name>
									<Value>0</Value>
								</Element>
								<Element index="16">
									<Name>HDRScale</Name>
									<Value>2</Value>
								</Element>
								<Element index="17">
									<Name>ModulateColor</Name>
									<Value>(1,1,1,1)</Value>
								</Element>
								<Element index="18">
									<Name>UVScale</Name>
									<Value>(1,1)</Value>
								</Element>
							</Parameters>
							<MultiPassMaterials count="0" ordered="true"/>
							<MaterialTrans count="0" ordered="true"/>
						</Element>
						<Element index="1">
							<LayerName>m1_submat</LayerName>
							<ShaderName>Effect/Twisted</ShaderName>
							<Parameters count="23" ordered="true">
								<Element index="0">
									<Name>DepthBuffer</Name>
									<Value>00000000-0000-0000-0000-000000000000</Value>
								</Element>
								<Element index="1">
									<Name>DiffuseTexture</Name>
									<Value>876149b9-d123-4f59-9ad1-c10ef9a8141b</Value>
								</Element>
								<Element index="2">
									<Name>tIRVNightTextureA</Name>
									<Value>00000000-0000-0000-0000-000000000000</Value>
								</Element>
								<Element index="3">
									<Name>MaskTexture</Name>
									<Value>7bdc89cc-8b01-45f9-9415-f7bca8a4e567</Value>
								</Element>
								<Element index="4">
									<Name>TwistTexture</Name>
									<Value>71aad22f-86c7-4a28-898c-61445172ed88</Value>
								</Element>
								<Element index="5">
									<Name>SSProfilesTextureGlobel</Name>
									<Value>00000000-0000-0000-0000-000000000000</Value>
								</Element>
								<Element index="6">
									<Name>tIRVDayTextureA</Name>
									<Value>00000000-0000-0000-0000-000000000000</Value>
								</Element>
								<Element index="7">
									<Name>tScatteringAndTransmittanceVolume</Name>
									<Value>00000000-0000-0000-0000-000000000000</Value>
								</Element>
								<Element index="8">
									<Name>tShadowMapArray</Name>
									<Value>00000000-0000-0000-0000-000000000000</Value>
								</Element>
								<Element index="9">
									<Name>AdditionColor</Name>
									<Value>(1,1,1,1)</Value>
								</Element>
								<Element index="10">
									<Name>Soft</Name>
									<Value>false</Value>
								</Element>
								<Element index="11">
									<Name>BloomScale</Name>
									<Value>1</Value>
								</Element>
								<Element index="12">
									<Name>DepthBias</Name>
									<Value>0</Value>
								</Element>
								<Element index="13">
									<Name>ModulateColor</Name>
									<Value>(3,3,3,4)</Value>
								</Element>
								<Element index="14">
									<Name>DiffuseUVScolling</Name>
									<Value>(1,1,0,0)</Value>
								</Element>
								<Element index="15">
									<Name>FogStrength</Name>
									<Value>0</Value>
								</Element>
								<Element index="16">
									<Name>HDRScale</Name>
									<Value>2</Value>
								</Element>
								<Element index="17">
									<Name>MaskMapEnable</Name>
									<Value>false</Value>
								</Element>
								<Element index="18">
									<Name>TwistStrength</Name>
									<Value>(0,0)</Value>
								</Element>
								<Element index="19">
									<Name>TwistUVScolling</Name>
									<Value>(1,1,0,0)</Value>
								</Element>
								<Element index="20">
									<Name>Local</Name>
									<Value>true</Value>
								</Element>
								<Element index="21">
									<Name>Distortion</Name>
									<Value>false</Value>
								</Element>
								<Element index="22">
									<Name>InvFadeDistance</Name>
									<Value>0</Value>
								</Element>
							</Parameters>
							<MultiPassMaterials count="0" ordered="true"/>
							<MaterialTrans count="0" ordered="true"/>
						</Element>
						<Element index="2">
							<LayerName>m2_submat</LayerName>
							<ShaderName>Effect/Panner</ShaderName>
							<Parameters count="25" ordered="true">
								<Element index="0">
									<Name>DepthBuffer</Name>
									<Value>00000000-0000-0000-0000-000000000000</Value>
								</Element>
								<Element index="1">
									<Name>DiffuseTexture</Name>
									<Value>b7a1383a-7547-48a0-91d9-29c7e61592a0</Value>
								</Element>
								<Element index="2">
									<Name>tIRVNightTextureA</Name>
									<Value>00000000-0000-0000-0000-000000000000</Value>
								</Element>
								<Element index="3">
									<Name>MaskTexture</Name>
									<Value>8e862ec6-1e6f-43b6-9b0f-fcb43c728cca</Value>
								</Element>
								<Element index="4">
									<Name>TwistTexture</Name>
									<Value>d3bfff26-78b4-4d0a-b2f6-a40914fa200e</Value>
								</Element>
								<Element index="5">
									<Name>SSProfilesTextureGlobel</Name>
									<Value>00000000-0000-0000-0000-000000000000</Value>
								</Element>
								<Element index="6">
									<Name>tIRVDayTextureA</Name>
									<Value>00000000-0000-0000-0000-000000000000</Value>
								</Element>
								<Element index="7">
									<Name>tScatteringAndTransmittanceVolume</Name>
									<Value>00000000-0000-0000-0000-000000000000</Value>
								</Element>
								<Element index="8">
									<Name>tShadowMapArray</Name>
									<Value>00000000-0000-0000-0000-000000000000</Value>
								</Element>
								<Element index="9">
									<Name>AdditionColor</Name>
									<Value>(1,1,1,1)</Value>
								</Element>
								<Element index="10">
									<Name>DiffuseUVOffset</Name>
									<Value>(0,0)</Value>
								</Element>
								<Element index="11">
									<Name>InvFadeDistance</Name>
									<Value>0</Value>
								</Element>
								<Element index="12">
									<Name>Soft</Name>
									<Value>false</Value>
								</Element>
								<Element index="13">
									<Name>BloomScale</Name>
									<Value>1</Value>
								</Element>
								<Element index="14">
									<Name>DepthBias</Name>
									<Value>0</Value>
								</Element>
								<Element index="15">
									<Name>DiffuseUVScolling</Name>
									<Value>(1,1,-0.1,0)</Value>
								</Element>
								<Element index="16">
									<Name>FogStrength</Name>
									<Value>0</Value>
								</Element>
								<Element index="17">
									<Name>HDRScale</Name>
									<Value>2</Value>
								</Element>
								<Element index="18">
									<Name>MaskUVTransform</Name>
									<Value>(1,1,0,0)</Value>
								</Element>
								<Element index="19">
									<Name>ModulateColor</Name>
									<Value>(1,1,1,1)</Value>
								</Element>
								<Element index="20">
									<Name>TwistEnable</Name>
									<Value>false</Value>
								</Element>
								<Element index="21">
									<Name>TwistStrength</Name>
									<Value>(0,0)</Value>
								</Element>
								<Element index="22">
									<Name>TwistUVScolling</Name>
									<Value>(1,0.7,0.3,0)</Value>
								</Element>
								<Element index="23">
									<Name>Local</Name>
									<Value>true</Value>
								</Element>
								<Element index="24">
									<Name>Distortion</Name>
									<Value>false</Value>
								</Element>
							</Parameters>
							<MultiPassMaterials count="0" ordered="true"/>
							<MaterialTrans count="0" ordered="true"/>
						</Element>
						<Element index="3">
							<LayerName>m3_submat</LayerName>
							<ShaderName>Effect/Basic</ShaderName>
							<Parameters count="18" ordered="true">
								<Element index="0">
									<Name>DepthBuffer</Name>
									<Value>00000000-0000-0000-0000-000000000000</Value>
								</Element>
								<Element index="1">
									<Name>DiffuseTexture</Name>
									<Value>39834c36-6564-49ca-8fe3-ac038dde9402</Value>
								</Element>
								<Element index="2">
									<Name>ScreenTexture</Name>
									<Value>00000000-0000-0000-0000-000000000000</Value>
								</Element>
								<Element index="3">
									<Name>SSProfilesTextureGlobel</Name>
									<Value>00000000-0000-0000-0000-000000000000</Value>
								</Element>
								<Element index="4">
									<Name>tIRVDayTextureA</Name>
									<Value>00000000-0000-0000-0000-000000000000</Value>
								</Element>
								<Element index="5">
									<Name>tShadowMapArray</Name>
									<Value>00000000-0000-0000-0000-000000000000</Value>
								</Element>
								<Element index="6">
									<Name>tIRVNightTextureA</Name>
									<Value>00000000-0000-0000-0000-000000000000</Value>
								</Element>
								<Element index="7">
									<Name>tScatteringAndTransmittanceVolume</Name>
									<Value>00000000-0000-0000-0000-000000000000</Value>
								</Element>
								<Element index="8">
									<Name>AdditionColor</Name>
									<Value>(1,1,1,1)</Value>
								</Element>
								<Element index="9">
									<Name>InvFadeDistance</Name>
									<Value>0</Value>
								</Element>
								<Element index="10">
									<Name>Soft</Name>
									<Value>false</Value>
								</Element>
								<Element index="11">
									<Name>BloomScale</Name>
									<Value>1</Value>
								</Element>
								<Element index="12">
									<Name>Distortion</Name>
									<Value>true</Value>
								</Element>
								<Element index="13">
									<Name>DepthBias</Name>
									<Value>0</Value>
								</Element>
								<Element index="14">
									<Name>FogStrength</Name>
									<Value>0</Value>
								</Element>
								<Element index="15">
									<Name>HDRScale</Name>
									<Value>2</Value>
								</Element>
								<Element index="16">
									<Name>ModulateColor</Name>
									<Value>(1,1,1,2)</Value>
								</Element>
								<Element index="17">
									<Name>Local</Name>
									<Value>true</Value>
								</Element>
							</Parameters>
							<MultiPassMaterials count="0" ordered="true"/>
							<MaterialTrans count="0" ordered="true"/>
						</Element>
						<Element index="4">
							<LayerName>g1_submat</LayerName>
							<ShaderName>Particle</ShaderName>
							<Parameters count="19" ordered="true">
								<Element index="0">
									<Name>DepthBuffer</Name>
									<Value>00000000-0000-0000-0000-000000000000</Value>
								</Element>
								<Element index="1">
									<Name>DiffuseTexture</Name>
									<Value>43e8a83c-bf1f-424d-a5f7-81641a2ae182</Value>
								</Element>
								<Element index="2">
									<Name>ScreenTexture</Name>
									<Value>00000000-0000-0000-0000-000000000000</Value>
								</Element>
								<Element index="3">
									<Name>SSProfilesTextureGlobel</Name>
									<Value>00000000-0000-0000-0000-000000000000</Value>
								</Element>
								<Element index="4">
									<Name>tIRVDayTextureA</Name>
									<Value>00000000-0000-0000-0000-000000000000</Value>
								</Element>
								<Element index="5">
									<Name>tShadowMapArray</Name>
									<Value>00000000-0000-0000-0000-000000000000</Value>
								</Element>
								<Element index="6">
									<Name>tIRVNightTextureA</Name>
									<Value>00000000-0000-0000-0000-000000000000</Value>
								</Element>
								<Element index="7">
									<Name>tScatteringAndTransmittanceVolume</Name>
									<Value>00000000-0000-0000-0000-000000000000</Value>
								</Element>
								<Element index="8">
									<Name>AdditionColor</Name>
									<Value>(1,1,1,1)</Value>
								</Element>
								<Element index="9">
									<Name>InvFadeDistance</Name>
									<Value>0</Value>
								</Element>
								<Element index="10">
									<Name>Soft</Name>
									<Value>false</Value>
								</Element>
								<Element index="11">
									<Name>BloomScale</Name>
									<Value>0.5</Value>
								</Element>
								<Element index="12">
									<Name>Local</Name>
									<Value>true</Value>
								</Element>
								<Element index="13">
									<Name>Distortion</Name>
									<Value>false</Value>
								</Element>
								<Element index="14">
									<Name>DepthBias</Name>
									<Value>0</Value>
								</Element>
								<Element index="15">
									<Name>FogStrength</Name>
									<Value>0</Value>
								</Element>
								<Element index="16">
									<Name>HDRScale</Name>
									<Value>2</Value>
								</Element>
								<Element index="17">
									<Name>ModulateColor</Name>
									<Value>(3,3,3,7)</Value>
								</Element>
								<Element index="18">
									<Name>UVScale</Name>
									<Value>(1,1)</Value>
								</Element>
							</Parameters>
							<MultiPassMaterials count="0" ordered="true"/>
							<MaterialTrans count="0" ordered="true"/>
						</Element>
						<Element index="5">
							<LayerName>m4_submat</LayerName>
							<ShaderName>Effect/Panner</ShaderName>
							<Parameters count="25" ordered="true">
								<Element index="0">
									<Name>DepthBuffer</Name>
									<Value>00000000-0000-0000-0000-000000000000</Value>
								</Element>
								<Element index="1">
									<Name>DiffuseTexture</Name>
									<Value>4878074d-55e0-50ec-b352-37d579e77e11</Value>
								</Element>
								<Element index="2">
									<Name>tIRVNightTextureA</Name>
									<Value>00000000-0000-0000-0000-000000000000</Value>
								</Element>
								<Element index="3">
									<Name>MaskTexture</Name>
									<Value>7bdc89cc-8b01-45f9-9415-f7bca8a4e567</Value>
								</Element>
								<Element index="4">
									<Name>TwistTexture</Name>
									<Value>12ce11e2-3f69-4890-8fb4-d5cbc94d11bf</Value>
								</Element>
								<Element index="5">
									<Name>SSProfilesTextureGlobel</Name>
									<Value>00000000-0000-0000-0000-000000000000</Value>
								</Element>
								<Element index="6">
									<Name>tIRVDayTextureA</Name>
									<Value>00000000-0000-0000-0000-000000000000</Value>
								</Element>
								<Element index="7">
									<Name>tScatteringAndTransmittanceVolume</Name>
									<Value>00000000-0000-0000-0000-000000000000</Value>
								</Element>
								<Element index="8">
									<Name>tShadowMapArray</Name>
									<Value>00000000-0000-0000-0000-000000000000</Value>
								</Element>
								<Element index="9">
									<Name>AdditionColor</Name>
									<Value>(1,1,1,1)</Value>
								</Element>
								<Element index="10">
									<Name>DiffuseUVOffset</Name>
									<Value>(0,0)</Value>
								</Element>
								<Element index="11">
									<Name>InvFadeDistance</Name>
									<Value>0</Value>
								</Element>
								<Element index="12">
									<Name>Soft</Name>
									<Value>false</Value>
								</Element>
								<Element index="13">
									<Name>BloomScale</Name>
									<Value>1</Value>
								</Element>
								<Element index="14">
									<Name>DepthBias</Name>
									<Value>0</Value>
								</Element>
								<Element index="15">
									<Name>DiffuseUVScolling</Name>
									<Value>(1,0.9,-0.5,0)</Value>
								</Element>
								<Element index="16">
									<Name>FogStrength</Name>
									<Value>0</Value>
								</Element>
								<Element index="17">
									<Name>HDRScale</Name>
									<Value>2</Value>
								</Element>
								<Element index="18">
									<Name>MaskUVTransform</Name>
									<Value>(1,1,0,0)</Value>
								</Element>
								<Element index="19">
									<Name>ModulateColor</Name>
									<Value>(2,2,2,4)</Value>
								</Element>
								<Element index="20">
									<Name>TwistEnable</Name>
									<Value>false</Value>
								</Element>
								<Element index="21">
									<Name>TwistStrength</Name>
									<Value>(0,0)</Value>
								</Element>
								<Element index="22">
									<Name>TwistUVScolling</Name>
									<Value>(1,1,0,0)</Value>
								</Element>
								<Element index="23">
									<Name>Local</Name>
									<Value>true</Value>
								</Element>
								<Element index="24">
									<Name>Distortion</Name>
									<Value>false</Value>
								</Element>
							</Parameters>
							<MultiPassMaterials count="0" ordered="true"/>
							<MaterialTrans count="0" ordered="true"/>
						</Element>
						<Element index="6">
							<LayerName>s1a_submat</LayerName>
							<ShaderName>Particle</ShaderName>
							<Parameters count="19" ordered="true">
								<Element index="0">
									<Name>DepthBuffer</Name>
									<Value>00000000-0000-0000-0000-000000000000</Value>
								</Element>
								<Element index="1">
									<Name>DiffuseTexture</Name>
									<Value>74a084cf-d6d7-4906-b8b5-a196e3f7af77</Value>
								</Element>
								<Element index="2">
									<Name>ScreenTexture</Name>
									<Value>00000000-0000-0000-0000-000000000000</Value>
								</Element>
								<Element index="3">
									<Name>SSProfilesTextureGlobel</Name>
									<Value>00000000-0000-0000-0000-000000000000</Value>
								</Element>
								<Element index="4">
									<Name>tIRVDayTextureA</Name>
									<Value>00000000-0000-0000-0000-000000000000</Value>
								</Element>
								<Element index="5">
									<Name>tShadowMapArray</Name>
									<Value>00000000-0000-0000-0000-000000000000</Value>
								</Element>
								<Element index="6">
									<Name>tIRVNightTextureA</Name>
									<Value>00000000-0000-0000-0000-000000000000</Value>
								</Element>
								<Element index="7">
									<Name>tScatteringAndTransmittanceVolume</Name>
									<Value>00000000-0000-0000-0000-000000000000</Value>
								</Element>
								<Element index="8">
									<Name>AdditionColor</Name>
									<Value>(1,1,1,1)</Value>
								</Element>
								<Element index="9">
									<Name>InvFadeDistance</Name>
									<Value>0</Value>
								</Element>
								<Element index="10">
									<Name>Soft</Name>
									<Value>false</Value>
								</Element>
								<Element index="11">
									<Name>BloomScale</Name>
									<Value>0.5</Value>
								</Element>
								<Element index="12">
									<Name>Local</Name>
									<Value>true</Value>
								</Element>
								<Element index="13">
									<Name>Distortion</Name>
									<Value>false</Value>
								</Element>
								<Element index="14">
									<Name>DepthBias</Name>
									<Value>0</Value>
								</Element>
								<Element index="15">
									<Name>FogStrength</Name>
									<Value>0</Value>
								</Element>
								<Element index="16">
									<Name>HDRScale</Name>
									<Value>5</Value>
								</Element>
								<Element index="17">
									<Name>ModulateColor</Name>
									<Value>(3,5,2,5)</Value>
								</Element>
								<Element index="18">
									<Name>UVScale</Name>
									<Value>(1,1)</Value>
								</Element>
							</Parameters>
							<MultiPassMaterials count="0" ordered="true"/>
							<MaterialTrans count="0" ordered="true"/>
						</Element>
						<Element index="7">
							<LayerName>s1_submat</LayerName>
							<ShaderName>Particle</ShaderName>
							<Parameters count="19" ordered="true">
								<Element index="0">
									<Name>DepthBuffer</Name>
									<Value>00000000-0000-0000-0000-000000000000</Value>
								</Element>
								<Element index="1">
									<Name>DiffuseTexture</Name>
									<Value>74a084cf-d6d7-4906-b8b5-a196e3f7af77</Value>
								</Element>
								<Element index="2">
									<Name>ScreenTexture</Name>
									<Value>00000000-0000-0000-0000-000000000000</Value>
								</Element>
								<Element index="3">
									<Name>SSProfilesTextureGlobel</Name>
									<Value>00000000-0000-0000-0000-000000000000</Value>
								</Element>
								<Element index="4">
									<Name>tIRVDayTextureA</Name>
									<Value>00000000-0000-0000-0000-000000000000</Value>
								</Element>
								<Element index="5">
									<Name>tShadowMapArray</Name>
									<Value>00000000-0000-0000-0000-000000000000</Value>
								</Element>
								<Element index="6">
									<Name>tIRVNightTextureA</Name>
									<Value>00000000-0000-0000-0000-000000000000</Value>
								</Element>
								<Element index="7">
									<Name>tScatteringAndTransmittanceVolume</Name>
									<Value>00000000-0000-0000-0000-000000000000</Value>
								</Element>
								<Element index="8">
									<Name>AdditionColor</Name>
									<Value>(1,1,1,1)</Value>
								</Element>
								<Element index="9">
									<Name>InvFadeDistance</Name>
									<Value>0</Value>
								</Element>
								<Element index="10">
									<Name>Soft</Name>
									<Value>false</Value>
								</Element>
								<Element index="11">
									<Name>BloomScale</Name>
									<Value>0.5</Value>
								</Element>
								<Element index="12">
									<Name>Local</Name>
									<Value>false</Value>
								</Element>
								<Element index="13">
									<Name>Distortion</Name>
									<Value>false</Value>
								</Element>
								<Element index="14">
									<Name>DepthBias</Name>
									<Value>0</Value>
								</Element>
								<Element index="15">
									<Name>FogStrength</Name>
									<Value>0</Value>
								</Element>
								<Element index="16">
									<Name>HDRScale</Name>
									<Value>5</Value>
								</Element>
								<Element index="17">
									<Name>ModulateColor</Name>
									<Value>(3,5,2,5)</Value>
								</Element>
								<Element index="18">
									<Name>UVScale</Name>
									<Value>(1,1)</Value>
								</Element>
							</Parameters>
							<MultiPassMaterials count="0" ordered="true"/>
							<MaterialTrans count="0" ordered="true"/>
						</Element>
						<Element index="8">
							<LayerName>m7_submat</LayerName>
							<ShaderName>Effect/Twisted</ShaderName>
							<Parameters count="23" ordered="true">
								<Element index="0">
									<Name>DepthBuffer</Name>
									<Value>00000000-0000-0000-0000-000000000000</Value>
								</Element>
								<Element index="1">
									<Name>DiffuseTexture</Name>
									<Value>876149b9-d123-4f59-9ad1-c10ef9a8141b</Value>
								</Element>
								<Element index="2">
									<Name>tIRVNightTextureA</Name>
									<Value>00000000-0000-0000-0000-000000000000</Value>
								</Element>
								<Element index="3">
									<Name>MaskTexture</Name>
									<Value>7bdc89cc-8b01-45f9-9415-f7bca8a4e567</Value>
								</Element>
								<Element index="4">
									<Name>TwistTexture</Name>
									<Value>71aad22f-86c7-4a28-898c-61445172ed88</Value>
								</Element>
								<Element index="5">
									<Name>SSProfilesTextureGlobel</Name>
									<Value>00000000-0000-0000-0000-000000000000</Value>
								</Element>
								<Element index="6">
									<Name>tIRVDayTextureA</Name>
									<Value>00000000-0000-0000-0000-000000000000</Value>
								</Element>
								<Element index="7">
									<Name>tScatteringAndTransmittanceVolume</Name>
									<Value>00000000-0000-0000-0000-000000000000</Value>
								</Element>
								<Element index="8">
									<Name>tShadowMapArray</Name>
									<Value>00000000-0000-0000-0000-000000000000</Value>
								</Element>
								<Element index="9">
									<Name>AdditionColor</Name>
									<Value>(1,1,1,1)</Value>
								</Element>
								<Element index="10">
									<Name>Soft</Name>
									<Value>false</Value>
								</Element>
								<Element index="11">
									<Name>BloomScale</Name>
									<Value>1</Value>
								</Element>
								<Element index="12">
									<Name>DepthBias</Name>
									<Value>0</Value>
								</Element>
								<Element index="13">
									<Name>ModulateColor</Name>
									<Value>(3,3,3,4)</Value>
								</Element>
								<Element index="14">
									<Name>DiffuseUVScolling</Name>
									<Value>(1,1,0,0)</Value>
								</Element>
								<Element index="15">
									<Name>FogStrength</Name>
									<Value>0</Value>
								</Element>
								<Element index="16">
									<Name>HDRScale</Name>
									<Value>2</Value>
								</Element>
								<Element index="17">
									<Name>MaskMapEnable</Name>
									<Value>false</Value>
								</Element>
								<Element index="18">
									<Name>TwistStrength</Name>
									<Value>(0,0)</Value>
								</Element>
								<Element index="19">
									<Name>TwistUVScolling</Name>
									<Value>(1,1,0,0)</Value>
								</Element>
								<Element index="20">
									<Name>Local</Name>
									<Value>true</Value>
								</Element>
								<Element index="21">
									<Name>Distortion</Name>
									<Value>false</Value>
								</Element>
								<Element index="22">
									<Name>InvFadeDistance</Name>
									<Value>0</Value>
								</Element>
							</Parameters>
							<MultiPassMaterials count="0" ordered="true"/>
							<MaterialTrans count="0" ordered="true"/>
						</Element>
						<Element index="9">
							<LayerName>m8_submat</LayerName>
							<ShaderName>Effect/Twisted</ShaderName>
							<Parameters count="23" ordered="true">
								<Element index="0">
									<Name>DepthBuffer</Name>
									<Value>00000000-0000-0000-0000-000000000000</Value>
								</Element>
								<Element index="1">
									<Name>DiffuseTexture</Name>
									<Value>ee405fbb-648f-5e4a-a8a4-b50e60e8f4fe</Value>
								</Element>
								<Element index="2">
									<Name>tIRVNightTextureA</Name>
									<Value>00000000-0000-0000-0000-000000000000</Value>
								</Element>
								<Element index="3">
									<Name>MaskTexture</Name>
									<Value>dbfb7894-cb59-407b-87c7-8a72b591517b</Value>
								</Element>
								<Element index="4">
									<Name>TwistTexture</Name>
									<Value>71aad22f-86c7-4a28-898c-61445172ed88</Value>
								</Element>
								<Element index="5">
									<Name>SSProfilesTextureGlobel</Name>
									<Value>00000000-0000-0000-0000-000000000000</Value>
								</Element>
								<Element index="6">
									<Name>tIRVDayTextureA</Name>
									<Value>00000000-0000-0000-0000-000000000000</Value>
								</Element>
								<Element index="7">
									<Name>tScatteringAndTransmittanceVolume</Name>
									<Value>00000000-0000-0000-0000-000000000000</Value>
								</Element>
								<Element index="8">
									<Name>tShadowMapArray</Name>
									<Value>00000000-0000-0000-0000-000000000000</Value>
								</Element>
								<Element index="9">
									<Name>AdditionColor</Name>
									<Value>(1,1,1,1)</Value>
								</Element>
								<Element index="10">
									<Name>Soft</Name>
									<Value>false</Value>
								</Element>
								<Element index="11">
									<Name>BloomScale</Name>
									<Value>1</Value>
								</Element>
								<Element index="12">
									<Name>DepthBias</Name>
									<Value>0</Value>
								</Element>
								<Element index="13">
									<Name>ModulateColor</Name>
									<Value>(2,1,1,5)</Value>
								</Element>
								<Element index="14">
									<Name>DiffuseUVScolling</Name>
									<Value>(1,1,0.1,0)</Value>
								</Element>
								<Element index="15">
									<Name>FogStrength</Name>
									<Value>0</Value>
								</Element>
								<Element index="16">
									<Name>HDRScale</Name>
									<Value>5</Value>
								</Element>
								<Element index="17">
									<Name>MaskMapEnable</Name>
									<Value>false</Value>
								</Element>
								<Element index="18">
									<Name>TwistStrength</Name>
									<Value>(0,0)</Value>
								</Element>
								<Element index="19">
									<Name>TwistUVScolling</Name>
									<Value>(1,1,0,0)</Value>
								</Element>
								<Element index="20">
									<Name>Local</Name>
									<Value>true</Value>
								</Element>
								<Element index="21">
									<Name>Distortion</Name>
									<Value>false</Value>
								</Element>
								<Element index="22">
									<Name>InvFadeDistance</Name>
									<Value>0</Value>
								</Element>
							</Parameters>
							<MultiPassMaterials count="0" ordered="true"/>
							<MaterialTrans count="0" ordered="true"/>
						</Element>
						<Element index="10">
							<LayerName>pian_submat</LayerName>
							<ShaderName>Effect/Fresnel</ShaderName>
							<Parameters count="25" ordered="true">
								<Element index="0">
									<Name>DepthBuffer</Name>
									<Value>00000000-0000-0000-0000-000000000000</Value>
								</Element>
								<Element index="1">
									<Name>DiffuseTexture</Name>
									<Value>0156f287-9105-4f02-8c98-0ca761b314c0</Value>
								</Element>
								<Element index="2">
									<Name>tIRVNightTextureA</Name>
									<Value>00000000-0000-0000-0000-000000000000</Value>
								</Element>
								<Element index="3">
									<Name>MaskTexture</Name>
									<Value>d2518974-d77b-40d2-acc7-e5d151edc654</Value>
								</Element>
								<Element index="4">
									<Name>TwistTexture</Name>
									<Value>081065b7-8483-4755-a5d5-a59b938fa8de</Value>
								</Element>
								<Element index="5">
									<Name>SSProfilesTextureGlobel</Name>
									<Value>00000000-0000-0000-0000-000000000000</Value>
								</Element>
								<Element index="6">
									<Name>tIRVDayTextureA</Name>
									<Value>00000000-0000-0000-0000-000000000000</Value>
								</Element>
								<Element index="7">
									<Name>tScatteringAndTransmittanceVolume</Name>
									<Value>00000000-0000-0000-0000-000000000000</Value>
								</Element>
								<Element index="8">
									<Name>tShadowMapArray</Name>
									<Value>00000000-0000-0000-0000-000000000000</Value>
								</Element>
								<Element index="9">
									<Name>AdditionColor</Name>
									<Value>(1,1,1,1)</Value>
								</Element>
								<Element index="10">
									<Name>InvFadeDistance</Name>
									<Value>0</Value>
								</Element>
								<Element index="11">
									<Name>FresnelAlpha</Name>
									<Value>1</Value>
								</Element>
								<Element index="12">
									<Name>Soft</Name>
									<Value>false</Value>
								</Element>
								<Element index="13">
									<Name>BloomScale</Name>
									<Value>0.5</Value>
								</Element>
								<Element index="14">
									<Name>DepthBias</Name>
									<Value>0</Value>
								</Element>
								<Element index="15">
									<Name>ModulateColor</Name>
									<Value>(2,2,1,1)</Value>
								</Element>
								<Element index="16">
									<Name>FresnelPower</Name>
									<Value>1</Value>
								</Element>
								<Element index="17">
									<Name>DiffuseUVScolling</Name>
									<Value>(1,1,0.1,0)</Value>
								</Element>
								<Element index="18">
									<Name>FogStrength</Name>
									<Value>0</Value>
								</Element>
								<Element index="19">
									<Name>HDRScale</Name>
									<Value>2</Value>
								</Element>
								<Element index="20">
									<Name>TwistEnable</Name>
									<Value>false</Value>
								</Element>
								<Element index="21">
									<Name>TwistStrength</Name>
									<Value>(0.1,0.2)</Value>
								</Element>
								<Element index="22">
									<Name>TwistUVScolling</Name>
									<Value>(1,1,0.4,0)</Value>
								</Element>
								<Element index="23">
									<Name>Local</Name>
									<Value>true</Value>
								</Element>
								<Element index="24">
									<Name>Distortion</Name>
									<Value>false</Value>
								</Element>
							</Parameters>
							<MultiPassMaterials count="0" ordered="true"/>
							<MaterialTrans count="0" ordered="true"/>
						</Element>
						<Element index="11">
							<LayerName>line01_submat</LayerName>
							<ShaderName>Particle</ShaderName>
							<Parameters count="19" ordered="true">
								<Element index="0">
									<Name>DepthBuffer</Name>
									<Value>00000000-0000-0000-0000-000000000000</Value>
								</Element>
								<Element index="1">
									<Name>DiffuseTexture</Name>
									<Value>f7021142-ba26-4b86-b897-5d79a8cc268c</Value>
								</Element>
								<Element index="2">
									<Name>ScreenTexture</Name>
									<Value>00000000-0000-0000-0000-000000000000</Value>
								</Element>
								<Element index="3">
									<Name>SSProfilesTextureGlobel</Name>
									<Value>00000000-0000-0000-0000-000000000000</Value>
								</Element>
								<Element index="4">
									<Name>tIRVDayTextureA</Name>
									<Value>00000000-0000-0000-0000-000000000000</Value>
								</Element>
								<Element index="5">
									<Name>tShadowMapArray</Name>
									<Value>00000000-0000-0000-0000-000000000000</Value>
								</Element>
								<Element index="6">
									<Name>tIRVNightTextureA</Name>
									<Value>00000000-0000-0000-0000-000000000000</Value>
								</Element>
								<Element index="7">
									<Name>tScatteringAndTransmittanceVolume</Name>
									<Value>00000000-0000-0000-0000-000000000000</Value>
								</Element>
								<Element index="8">
									<Name>AdditionColor</Name>
									<Value>(1,1,1,1)</Value>
								</Element>
								<Element index="9">
									<Name>InvFadeDistance</Name>
									<Value>0</Value>
								</Element>
								<Element index="10">
									<Name>Soft</Name>
									<Value>false</Value>
								</Element>
								<Element index="11">
									<Name>BloomScale</Name>
									<Value>0.5</Value>
								</Element>
								<Element index="12">
									<Name>Local</Name>
									<Value>true</Value>
								</Element>
								<Element index="13">
									<Name>Distortion</Name>
									<Value>false</Value>
								</Element>
								<Element index="14">
									<Name>DepthBias</Name>
									<Value>0</Value>
								</Element>
								<Element index="15">
									<Name>FogStrength</Name>
									<Value>0</Value>
								</Element>
								<Element index="16">
									<Name>HDRScale</Name>
									<Value>5</Value>
								</Element>
								<Element index="17">
									<Name>ModulateColor</Name>
									<Value>(2,1,1,1)</Value>
								</Element>
								<Element index="18">
									<Name>UVScale</Name>
									<Value>(1,1)</Value>
								</Element>
							</Parameters>
							<MultiPassMaterials count="0" ordered="true"/>
							<MaterialTrans count="0" ordered="true"/>
						</Element>
					</Layers>
					<ExtTech>0</ExtTech>
				</info>
				<flags count="12" ordered="true">
					<Element index="0">1048608</Element>
					<Element index="1">1048608</Element>
					<Element index="2">1048608</Element>
					<Element index="3">1048608</Element>
					<Element index="4">1048608</Element>
					<Element index="5">1048608</Element>
					<Element index="6">1048608</Element>
					<Element index="7">1048608</Element>
					<Element index="8">1048608</Element>
					<Element index="9">1048608</Element>
					<Element index="10">1048608</Element>
					<Element index="11">1048608</Element>
				</flags>
				<customRenderset count="12" ordered="true">
					<Element index="0">0</Element>
					<Element index="1">0</Element>
					<Element index="2">0</Element>
					<Element index="3">0</Element>
					<Element index="4">0</Element>
					<Element index="5">0</Element>
					<Element index="6">0</Element>
					<Element index="7">0</Element>
					<Element index="8">0</Element>
					<Element index="9">0</Element>
					<Element index="10">0</Element>
					<Element index="11">0</Element>
				</customRenderset>
			</Entity>
		</Root>
	</SMaterialData>
</Resource>
