{
    "path": "ui/134225749",
    "describe": "",
    "name": "Group 31 (8)",
    "res_name": "Group 31 (8).png",
    "key": 134225749,
    "uid": "134225749",
    "size": "1075X1080",
    "url": "https://kk3.nosdn.127.net/editor/png/a8706d91a395ce02c1e1e1b1dc132021.png",
    "has_upload": false,
    "version": 1,
    "sub_type": "icon",
    "custom_editor_type": "custom_editor_icon",
    "md5": "f2a9a38311978cecf686446800fcb096",
    "res_type": "editor_icon",
    "import_export_folder_info": "/code_explorer_custom_root_folder_name"
}