{
    "134277840": {
        "editor_effect": {
            "model_id": 134277840,
            "name": "\u9752\u9f99\u5043\u6708\u5200",
            "res_type": "kkres",
            "version": 1,
            "describe": "134277840",
            "key": 134277840,
            "res_identify": "",
            "scale": 1.0,
            "aoi_visibility": false,
            "source_effect": [
                102343
            ],
            "uid": 134277840,
            "md5": "9a940b19527c6842b1e00f34d473a280",
            "deps_info": {
                "deps": [
                    [
                        "editor_icon",
                        901920
                    ],
                    [
                        "editor_icon",
                        901954
                    ],
                    [
                        "editor_icon",
                        901290
                    ],
                    [
                        "editor_icon",
                        902854
                    ],
                    [
                        "editor_icon",
                        901692
                    ],
                    [
                        "editor_icon",
                        901978
                    ],
                    [
                        "editor_icon",
                        903264
                    ],
                    [
                        "editor_icon",
                        902049
                    ],
                    [
                        "editor_icon",
                        903215
                    ],
                    [
                        "editor_icon",
                        901783
                    ],
                    [
                        "editor_icon",
                        900691
                    ]
                ],
                "sound_id_list": [
                    125076
                ]
            }
        },
        "model": {
            "name": "\u9752\u9f99\u5043\u6708\u5200",
            "model_id": 134277840,
            "meshes": [],
            "effect_path": "Fx_Effect/Realism/Fx_Skill/Soil/Soil_cutdown_001_copy",
            "custom": true,
            "effect_keep": false,
            "effect_max_life": 1.9800000202999999,
            "is_beam_effect": false
        }
    },
    "sub_type": null,
    "res_type": "editor_effect",
    "import_export_folder_info": "/code_explorer_custom_root_folder_name"
}