{
    "134254753": {
        "editor_effect": {
            "deps_info": {
                "deps": [
                    [
                        "editor_icon",
                        901158
                    ],
                    [
                        "editor_icon",
                        900271
                    ],
                    [
                        "editor_icon",
                        900947
                    ],
                    [
                        "editor_icon",
                        900289
                    ],
                    [
                        "editor_icon",
                        900061
                    ],
                    [
                        "editor_icon",
                        900941
                    ],
                    [
                        "editor_icon",
                        900598
                    ]
                ],
                "sound_id_list": []
            },
            "describe": "134254753",
            "key": 134254753,
            "model_id": 134243413,
            "name": "\u9752\u8272\u53d7\u51fb\u5149\u6548-\u65e0\u58f0\u97f3",
            "preview_icon": "",
            "res_identify": "",
            "scale": 1.0,
            "source_effect": 102465,
            "uid": "134254753"
        },
        "model": {
            "custom": true,
            "effect_keep": false,
            "effect_max_life": 0.800000012,
            "effect_path": "Fx_Effect/Realism/Fx_Common/Hit/Hit_Yxsg_gy_attack_hit_d0001_copy",
            "is_beam_effect": false,
            "materials": [],
            "meshes": [],
            "model_id": 134243413,
            "name": "\u9752\u8272\u53d7\u51fb\u5149\u6548",
            "ori_material_infos": []
        }
    },
    "sub_type": null,
    "res_type": "editor_effect",
    "import_export_folder_info": "/code_explorer_custom_root_folder_name"
}