{
    "134235627": {
        "editor_effect": {
            "model_id": 134235627,
            "name": "\u9a91\u5175\u51b2\u950b\u6307\u793a\u5668",
            "res_type": "kkres",
            "version": 1,
            "describe": "134235627",
            "key": 134235627,
            "res_identify": "",
            "scale": 1.0,
            "aoi_visibility": false,
            "source_effect": [
                105130
            ],
            "uid": 134235627,
            "md5": "1f8459191db052fbaffeb3f2245b5a86",
            "deps_info": {
                "deps": [
                    [
                        "editor_model",
                        205826
                    ],
                    [
                        "editor_icon",
                        902311
                    ],
                    [
                        "editor_icon",
                        902295
                    ],
                    [
                        "editor_icon",
                        901142
                    ]
                ],
                "sound_id_list": []
            }
        },
        "model": {
            "name": "\u9a91\u5175\u51b2\u950b\u6307\u793a\u5668",
            "model_id": 134235627,
            "meshes": [],
            "effect_path": "Fx_Effect/DM2/Fx_Ui/Ui_DM2_warning_Circle_a0001_copy",
            "custom": true,
            "effect_keep": true,
            "effect_max_life": -1,
            "is_beam_effect": false
        }
    },
    "sub_type": null,
    "res_type": "editor_effect",
    "import_export_folder_info": "/code_explorer_custom_root_folder_name"
}