{
    "134278400": {
        "editor_effect": {
            "model_id": 134278400,
            "name": "\u9ec4\u5929\u5f53\u7acb",
            "res_type": "kkres",
            "version": 1,
            "describe": "134278400",
            "key": 134278400,
            "res_identify": "",
            "scale": 1.0,
            "aoi_visibility": false,
            "source_effect": [
                101603
            ],
            "uid": 134278400,
            "md5": "3d54fab7fc75ce487304c7b2baf9d957",
            "deps_info": {
                "deps": [
                    [
                        "editor_icon",
                        902110
                    ],
                    [
                        "editor_icon",
                        900406
                    ],
                    [
                        "editor_icon",
                        900307
                    ],
                    [
                        "editor_icon",
                        900587
                    ],
                    [
                        "editor_icon",
                        901852
                    ],
                    [
                        "editor_icon",
                        901704
                    ],
                    [
                        "editor_icon",
                        901282
                    ],
                    [
                        "editor_icon",
                        901978
                    ],
                    [
                        "editor_icon",
                        902123
                    ],
                    [
                        "editor_icon",
                        901768
                    ],
                    [
                        "editor_icon",
                        902109
                    ],
                    [
                        "editor_icon",
                        901691
                    ]
                ],
                "sound_id_list": []
            }
        },
        "model": {
            "name": "\u9ec4\u5929\u5f53\u7acb",
            "model_id": 134278400,
            "meshes": [],
            "effect_path": "Fx_Effect/Realism/Fx_Skill/Electric/Electric_sjbl_attack11_01_copy",
            "custom": true,
            "effect_keep": false,
            "effect_max_life": 1.200000012,
            "is_beam_effect": false
        }
    },
    "sub_type": null,
    "res_type": "editor_effect",
    "import_export_folder_info": "/code_explorer_custom_root_folder_name"
}