{
    "custom_editor_type": "custom_editor_icon",
    "describe": "",
    "has_upload": false,
    "key": 134219015,
    "md5": "7442e7048e57982c7c0bacb42b3bd7c2",
    "name": "c74c09c9-3d84-4200-ac0f-7e96a1a97fdb",
    "path": "ui/134219015",
    "res_name": "c74c09c9-3d84-4200-ac0f-7e96a1a97fdb.webp",
    "size": "1024X1024",
    "sub_type": "icon",
    "uid": "134219015",
    "url": "https://kk3.nosdn.127.net/editor/webp/36e9d2d2d0d7a4f777d31853047fb455.webp",
    "version": 1,
    "res_type": "editor_icon",
    "import_export_folder_info": "/code_explorer_custom_root_folder_name"
}