{
    "path": "ui/134228184",
    "describe": "",
    "name": "Group 31 (2)_1",
    "res_name": "Group 31 (2).png",
    "key": 134228184,
    "uid": "134228184",
    "size": "1098X1080",
    "url": "https://kk3.nosdn.127.net/editor/png/20055ec43d7fa808d878388864d946c4.png",
    "has_upload": false,
    "version": 1,
    "sub_type": "icon",
    "custom_editor_type": "custom_editor_icon",
    "md5": "ed9055f9fc97b335981f0cf2bfe8f640",
    "res_type": "editor_icon",
    "import_export_folder_info": "/code_explorer_custom_root_folder_name"
}