{
    "134223588": {
        "editor_effect": {
            "model_id": 134223588,
            "name": "\u9ec4\u5929\u5f53\u7acb\u63d0\u793a",
            "res_type": "kkres",
            "version": 1,
            "describe": "134273341",
            "key": 134223588,
            "res_identify": "",
            "scale": 1.0,
            "aoi_visibility": false,
            "source_effect": [
                101260
            ],
            "uid": 134223588,
            "md5": "7652f0bec5551a017d08faf35b3ad2f4",
            "deps_info": {
                "deps": [
                    [
                        "editor_icon",
                        902170
                    ],
                    [
                        "editor_icon",
                        901334
                    ]
                ],
                "sound_id_list": []
            }
        },
        "model": {
            "name": "\u9ec4\u5929\u5f53\u7acb\u63d0\u793a",
            "model_id": 134223588,
            "meshes": [],
            "effect_path": "Fx_Effect/Cartoon/Fx_Ui/Ui_5069_skill_huanhua_04_01_es2_copy_copy",
            "custom": true,
            "effect_keep": false,
            "effect_max_life": 3.0,
            "is_beam_effect": false
        }
    },
    "sub_type": null,
    "res_type": "editor_effect",
    "import_export_folder_info": "/code_explorer_custom_root_folder_name"
}