{
    "134223588": {
        "editor_effect": {
            "model_id": 134265933,
            "preview_icon": "",
            "name": "\u9ec4\u5929\u5f53\u7acb\u63d0\u793a",
            "describe": "134273341",
            "key": 134223588,
            "res_type": "kkres",
            "res_identify": "",
            "scale": 1.0,
            "uid": "134273341",
            "source_effect": [
                101260
            ],
            "md5": "dcecf249c103e6d6308fa723f9f99ec0",
            "deps_info": {
                "deps": [
                    [
                        "editor_icon",
                        902170
                    ],
                    [
                        "editor_icon",
                        901334
                    ]
                ],
                "sound_id_list": []
            },
            "version": 1
        },
        "model": {
            "name": "\u82cd\u5929\u5df2\u6b7b\u63d0\u793a",
            "model_id": 134265933,
            "effect_path": "Fx_Effect/Cartoon/Fx_Ui/Ui_5069_skill_huanhua_04_01_es2_copy_copy",
            "meshes": [],
            "custom": true,
            "effect_keep": false,
            "effect_max_life": 3.0,
            "is_beam_effect": false
        }
    },
    "sub_type": null,
    "res_type": "editor_effect",
    "import_export_folder_info": "/code_explorer_custom_root_folder_name"
}