{
    "134242126": {
        "editor_effect": {
            "model_id": 134242126,
            "name": "\u5251\u96e8\u8b66\u793a\u5668",
            "res_type": "kkres",
            "version": 1,
            "describe": "134242126",
            "key": 134242126,
            "res_identify": "",
            "scale": 1.0,
            "aoi_visibility": false,
            "source_effect": [
                103400
            ],
            "uid": 134242126,
            "md5": "d0219b1dd93affe7a0ad4a46422d3240",
            "deps_info": {
                "deps": [
                    [
                        "editor_icon",
                        902404
                    ],
                    [
                        "editor_icon",
                        902420
                    ]
                ],
                "sound_id_list": []
            }
        },
        "model": {
            "name": "\u5251\u96e8\u8b66\u793a\u5668",
            "model_id": 134242126,
            "meshes": [],
            "effect_path": "Fx_Effect/LuoLin/Fx_Ui/UI_LuoLing_huoshanzhiguo_copy",
            "custom": true,
            "effect_keep": true,
            "effect_max_life": -1,
            "is_beam_effect": false
        }
    },
    "sub_type": null,
    "res_type": "editor_effect",
    "import_export_folder_info": "/code_explorer_custom_root_folder_name"
}