<?xml version='1.0' encoding='utf-8'?>
<Resource>
	<Version>2</Version>
	<SMaterialData>
		<Root>
			<Sub />
			<Entity type="SMaterialData">
				<name>_material</name>
				<info>
					<Layers count="10" ordered="true">
						<Element index="0">
							<LayerName>glow01_submat</LayerName>
							<ShaderName>Particle</ShaderName>
							<Parameters count="5" ordered="true">
								<Element index="0">
									<Name>DiffuseTexture</Name>
									<Value>f300dc67-9e57-59c4-afc7-f22ad9c05b92</Value>
								</Element>
								<Element index="1">
									<Name>InvFadeDistance</Name>
									<Value>0</Value>
								</Element>
								<Element index="2">
									<Name>ModulateColor</Name>
									<Value>(1, 1, 1, 0.85)</Value>
								</Element>
								<Element index="3">
									<Name>UVScale</Name>
									<Value>(1, 1)</Value>
								</Element>
								<Element index="4">
									<Name>Local</Name>
									<Value>1</Value>
								</Element>
							</Parameters>
							<InactiveParameters count="0" ordered="true" />
							<MultiPassMaterials count="0" ordered="true" />
						</Element>
						<Element index="1">
							<LayerName>fire01_submat</LayerName>
							<ShaderName>Effect/Twisted</ShaderName>
							<Parameters count="7" ordered="true">
								<Element index="0">
									<Name>DiffuseTexture</Name>
									<Value>b0c934a1-5fd8-4ad7-81a1-52d21962abd5</Value>
								</Element>
								<Element index="1">
									<Name>MaskTexture</Name>
									<Value>1adc3326-0104-45bb-b10e-c1317ecbb8fa</Value>
								</Element>
								<Element index="2">
									<Name>TwistTexture</Name>
									<Value>6a63b3ed-3f33-499a-a28e-b7b494f2fd9c</Value>
								</Element>
								<Element index="3">
									<Name>TwistUVScolling</Name>
									<Value>(2, 1, 0.35, 0.5)</Value>
								</Element>
								<Element index="4">
									<Name>TwistStrength</Name>
									<Value>(0.1, 0.2)</Value>
								</Element>
								<Element index="5">
									<Name>ModulateColor</Name>
									<Value>(2, 2, 2, 0.7)</Value>
								</Element>
								<Element index="6">
									<Name>DiffuseUVScolling</Name>
									<Value>(5, 2, -0.5, -1)</Value>
								</Element>
							</Parameters>
							<InactiveParameters count="0" ordered="true" />
							<MultiPassMaterials count="0" ordered="true" />
						</Element>
						<Element index="2">
							<LayerName>Fire02_submat</LayerName>
							<ShaderName>Particle</ShaderName>
							<Parameters count="5" ordered="true">
								<Element index="0">
									<Name>DiffuseTexture</Name>
									<Value>10c565e8-9de1-4c9e-a204-c973c6d6eb36</Value>
								</Element>
								<Element index="1">
									<Name>InvFadeDistance</Name>
									<Value>3.33333325</Value>
								</Element>
								<Element index="2">
									<Name>ModulateColor</Name>
									<Value>(6, 5, 5, 0.8)</Value>
								</Element>
								<Element index="3">
									<Name>UVScale</Name>
									<Value>(1, 1)</Value>
								</Element>
								<Element index="4">
									<Name>Local</Name>
									<Value>1</Value>
								</Element>
							</Parameters>
							<InactiveParameters count="0" ordered="true" />
							<MultiPassMaterials count="0" ordered="true" />
						</Element>
						<Element index="3">
							<LayerName>Spark01_submat</LayerName>
							<ShaderName>Particle</ShaderName>
							<Parameters count="5" ordered="true">
								<Element index="0">
									<Name>DiffuseTexture</Name>
									<Value>d04a38a5-7d3a-478d-bbc2-b71386f68b8c</Value>
								</Element>
								<Element index="1">
									<Name>InvFadeDistance</Name>
									<Value>0</Value>
								</Element>
								<Element index="2">
									<Name>ModulateColor</Name>
									<Value>(8, 6, 5, 4)</Value>
								</Element>
								<Element index="3">
									<Name>UVScale</Name>
									<Value>(1, 1)</Value>
								</Element>
								<Element index="4">
									<Name>Local</Name>
									<Value>false</Value>
								</Element>
							</Parameters>
							<InactiveParameters count="0" ordered="true" />
							<MultiPassMaterials count="0" ordered="true" />
						</Element>
						<Element index="4">
							<LayerName>daoguang01_submat</LayerName>
							<ShaderName>Particle</ShaderName>
							<Parameters count="5" ordered="true">
								<Element index="0">
									<Name>DiffuseTexture</Name>
									<Value>feceac9e-1188-41e5-bfec-40145d7efc3b</Value>
								</Element>
								<Element index="1">
									<Name>InvFadeDistance</Name>
									<Value>0</Value>
								</Element>
								<Element index="2">
									<Name>ModulateColor</Name>
									<Value>(2, 2, 2, 1)</Value>
								</Element>
								<Element index="3">
									<Name>UVScale</Name>
									<Value>(1, 1)</Value>
								</Element>
								<Element index="4">
									<Name>Local</Name>
									<Value>1</Value>
								</Element>
							</Parameters>
							<InactiveParameters count="0" ordered="true" />
							<MultiPassMaterials count="0" ordered="true" />
						</Element>
						<Element index="5">
							<LayerName>daoguang02_submat</LayerName>
							<ShaderName>Particle</ShaderName>
							<Parameters count="5" ordered="true">
								<Element index="0">
									<Name>DiffuseTexture</Name>
									<Value>b867b7b5-9471-5fb0-97bd-e339e8662673</Value>
								</Element>
								<Element index="1">
									<Name>InvFadeDistance</Name>
									<Value>0</Value>
								</Element>
								<Element index="2">
									<Name>ModulateColor</Name>
									<Value>(3, 3, 3, 1)</Value>
								</Element>
								<Element index="3">
									<Name>UVScale</Name>
									<Value>(1, 1)</Value>
								</Element>
								<Element index="4">
									<Name>Local</Name>
									<Value>1</Value>
								</Element>
							</Parameters>
							<InactiveParameters count="0" ordered="true" />
							<MultiPassMaterials count="0" ordered="true" />
						</Element>
						<Element index="6">
							<LayerName>daoguang03_submat</LayerName>
							<ShaderName>Particle</ShaderName>
							<Parameters count="5" ordered="true">
								<Element index="0">
									<Name>DiffuseTexture</Name>
									<Value>a4d9b033-7c6d-4313-a0fd-754d5c2540e8</Value>
								</Element>
								<Element index="1">
									<Name>InvFadeDistance</Name>
									<Value>0</Value>
								</Element>
								<Element index="2">
									<Name>ModulateColor</Name>
									<Value>(1, 1, 1, 1)</Value>
								</Element>
								<Element index="3">
									<Name>UVScale</Name>
									<Value>(1, 1)</Value>
								</Element>
								<Element index="4">
									<Name>Local</Name>
									<Value>1</Value>
								</Element>
							</Parameters>
							<InactiveParameters count="0" ordered="true" />
							<MultiPassMaterials count="0" ordered="true" />
						</Element>
						<Element index="7">
							<LayerName>daoguang05_submat</LayerName>
							<ShaderName>Particle</ShaderName>
							<Parameters count="5" ordered="true">
								<Element index="0">
									<Name>DiffuseTexture</Name>
									<Value>1c5d8e08-43c0-4c5c-8d40-d272d0d44e38</Value>
								</Element>
								<Element index="1">
									<Name>InvFadeDistance</Name>
									<Value>0</Value>
								</Element>
								<Element index="2">
									<Name>ModulateColor</Name>
									<Value>(1, 1, 1, 1)</Value>
								</Element>
								<Element index="3">
									<Name>UVScale</Name>
									<Value>(1, 1)</Value>
								</Element>
								<Element index="4">
									<Name>Local</Name>
									<Value>1</Value>
								</Element>
							</Parameters>
							<InactiveParameters count="0" ordered="true" />
							<MultiPassMaterials count="0" ordered="true" />
						</Element>
						<Element index="8">
							<LayerName>daoguang04_submat</LayerName>
							<ShaderName>Particle</ShaderName>
							<Parameters count="5" ordered="true">
								<Element index="0">
									<Name>DiffuseTexture</Name>
									<Value>a4d9b033-7c6d-4313-a0fd-754d5c2540e8</Value>
								</Element>
								<Element index="1">
									<Name>InvFadeDistance</Name>
									<Value>0</Value>
								</Element>
								<Element index="2">
									<Name>ModulateColor</Name>
									<Value>(1, 1, 1, 1)</Value>
								</Element>
								<Element index="3">
									<Name>UVScale</Name>
									<Value>(1, 1)</Value>
								</Element>
								<Element index="4">
									<Name>Local</Name>
									<Value>1</Value>
								</Element>
							</Parameters>
							<InactiveParameters count="0" ordered="true" />
							<MultiPassMaterials count="0" ordered="true" />
						</Element>
						<Element index="9">
							<LayerName>Combo01_submat</LayerName>
							<ShaderName>Particle</ShaderName>
							<Parameters count="5" ordered="true">
								<Element index="0">
									<Name>DiffuseTexture</Name>
									<Value>ffffffff-0100-0000-0100-000047000000</Value>
								</Element>
								<Element index="1">
									<Name>InvFadeDistance</Name>
									<Value>0</Value>
								</Element>
								<Element index="2">
									<Name>ModulateColor</Name>
									<Value>(1, 1, 1, 1)</Value>
								</Element>
								<Element index="3">
									<Name>UVScale</Name>
									<Value>(1, 1)</Value>
								</Element>
								<Element index="4">
									<Name>Local</Name>
									<Value>1</Value>
								</Element>
							</Parameters>
							<InactiveParameters count="0" ordered="true" />
							<MultiPassMaterials count="0" ordered="true" />
						</Element>
					</Layers>
				</info>
				<flags count="10" ordered="true">
					<Element index="0">1048608</Element>
					<Element index="1">1048608</Element>
					<Element index="2">1048608</Element>
					<Element index="3">1048608</Element>
					<Element index="4">1048608</Element>
					<Element index="5">1048608</Element>
					<Element index="6">1048608</Element>
					<Element index="7">1048608</Element>
					<Element index="8">1048608</Element>
					<Element index="9">1048608</Element>
				</flags>
			</Entity>
		</Root>
	</SMaterialData>
</Resource>
