{
    "local_variable": {
        "817086469": {
            "variable_dict": {}, 
            "variable_length_dict": {}
        }, 
        "1439666179": {
            "variable_dict": {
                "INTEGER": {
                    "\u5f53\u524d\u7b49\u7ea7": 0
                }
            }, 
            "variable_length_dict": {
                "\u5f53\u524d\u7b49\u7ea7": 0
            }
        }, 
        "1605738498": {
            "variable_dict": {
                "ABILITY": {
                    "skill": null
                }, 
                "INTEGER": {
                    "i": 0
                }, 
                "NEW_TIMER": {}
            }, 
            "variable_length_dict": {
                "i": 0, 
                "skill": 0
            }
        }, 
        "1907503106": {
            "variable_dict": {
                "ABILITY": {}, 
                "ANGLE": {
                    "\u4e34\u65f6\u89d2\u5ea6": 0.0, 
                    "\u8d77\u59cb\u89d2\u5ea6": 0.0
                }, 
                "FLOAT": {
                    "shootCD": 0.0, 
                    "\u504f\u79fb\u8ddd\u79bb": 0.0
                }, 
                "INTEGER": {
                    "extraColumnNum": 0, 
                    "i": 0, 
                    "loop_i": 0, 
                    "\u6280\u80fd\u6570\u91cf": 0
                }, 
                "MOVER_ENTITY": {}, 
                "NEW_TIMER": {}, 
                "POINT": {
                    "\u8d77\u59cb\u4f4d\u7f6e": {
                        "__tuple__": true, 
                        "items": [
                            0, 
                            0, 
                            0
                        ]
                    }
                }, 
                "PROJECTILE": {}, 
                "PROJECTILE_ENTITY": {}, 
                "STRING": {}, 
                "UNIT_ENTITY": {}
            }, 
            "variable_length_dict": {
                "extraColumnNum": 0, 
                "i": 0, 
                "loop_i": 0, 
                "shootCD": 0, 
                "\u4e34\u65f6\u89d2\u5ea6": 0, 
                "\u504f\u79fb\u8ddd\u79bb": 0, 
                "\u6280\u80fd\u6570\u91cf": 0, 
                "\u8d77\u59cb\u4f4d\u7f6e": 0, 
                "\u8d77\u59cb\u89d2\u5ea6": 0
            }
        }, 
        "2073690116": {
            "variable_dict": {}, 
            "variable_length_dict": {}
        }
    }, 
    "trigger_dict": {
        "817086469": {
            "action": [
                {
                    "action_type": "PRINT_MESSAGE_ACTION_TO_DIALOG", 
                    "args_list": [
                        {
                            "arg_type": 100175, 
                            "args_list": [
                                3
                            ], 
                            "sub_type": 1
                        }, 
                        {
                            "arg_type": 100003, 
                            "args_list": [
                                "\u6280\u80fd\u51b7\u5374\u7ed3\u675f"
                            ], 
                            "sub_type": 1
                        }
                    ], 
                    "bp": false, 
                    "element_id": 817086469000002, 
                    "enable": true
                }, 
                {
                    "action_type": "RUN_ONCE_TIMER_NO_SAVE", 
                    "args_list": [
                        {
                            "arg_type": 100000, 
                            "args_list": [
                                0.1
                            ], 
                            "sub_type": 1
                        }, 
                        {
                            "arg_type": 100022, 
                            "args_list": [
                                {
                                    "action_type": "UNIT_RELEASE_COMMAND", 
                                    "args_list": [
                                        {
                                            "arg_type": 100006, 
                                            "args_list": [], 
                                            "sub_type": "ABILITY_OWNER"
                                        }, 
                                        {
                                            "arg_type": 100216, 
                                            "args_list": [
                                                {
                                                    "arg_type": 100014, 
                                                    "args_list": [], 
                                                    "sub_type": "CUR_ABILITY"
                                                }
                                            ], 
                                            "op_arg": [
                                                null, 
                                                null, 
                                                null, 
                                                null, 
                                                null
                                            ], 
                                            "op_arg_enable": [
                                                false, 
                                                false, 
                                                false, 
                                                false, 
                                                false
                                            ], 
                                            "sub_type": "UNIT_COMMAND_USE_SKILL"
                                        }
                                    ], 
                                    "bp": false, 
                                    "element_id": 817086469000022, 
                                    "enable": true, 
                                    "op_arg": [
                                        {
                                            "arg_type": 100001, 
                                            "args_list": [
                                                true
                                            ], 
                                            "sub_type": 1
                                        }
                                    ], 
                                    "op_arg_enable": [
                                        false
                                    ]
                                }
                            ], 
                            "sub_type": 1
                        }
                    ], 
                    "bp": false, 
                    "element_id": 2140848133948800, 
                    "enable": true, 
                    "local_var": {
                        "__tuple__": true, 
                        "items": [
                            {}, 
                            {}
                        ]
                    }
                }
            ], 
            "call_enabled": true, 
            "condition": [], 
            "enabled": true, 
            "event": [
                {
                    "args_list": [], 
                    "element_id": 817086469000001, 
                    "enable": true, 
                    "event_type": "ABILITY_CD_END"
                }
            ], 
            "group_id": 134257197, 
            "p_trigger_id": null, 
            "trigger_id": 817086469, 
            "trigger_name": "\u6280\u80fd\u51b7\u5374\u7ed3\u675f", 
            "valid": true, 
            "var_data": [
                {}, 
                {}, 
                []
            ]
        }, 
        "1439666179": {
            "action": [
                {
                    "action_type": "PRINT_MESSAGE_ACTION_TO_DIALOG", 
                    "args_list": [
                        {
                            "arg_type": 100175, 
                            "args_list": [
                                2
                            ], 
                            "sub_type": 1
                        }, 
                        {
                            "arg_type": 100003, 
                            "args_list": [
                                {
                                    "arg_type": 100003, 
                                    "args_list": [
                                        "\u5434\u516d\u5251\u7b49\u7ea7\u53d8\u5316"
                                    ], 
                                    "sub_type": 1
                                }, 
                                {
                                    "arg_type": 100003, 
                                    "args_list": [
                                        {
                                            "arg_type": 100002, 
                                            "args_list": [
                                                {
                                                    "arg_type": 100014, 
                                                    "args_list": [], 
                                                    "sub_type": "CUR_ABILITY"
                                                }, 
                                                {
                                                    "arg_type": 100079, 
                                                    "args_list": [
                                                        "ability_level"
                                                    ], 
                                                    "sub_type": 1
                                                }
                                            ], 
                                            "sub_type": "GET_ABILITY_INT_ATTR"
                                        }
                                    ], 
                                    "sub_type": "ANY_VAR_TO_STR"
                                }
                            ], 
                            "op_arg": [
                                null, 
                                null, 
                                null, 
                                null, 
                                null, 
                                null, 
                                null, 
                                null
                            ], 
                            "op_arg_enable": [
                                false, 
                                false, 
                                false, 
                                false, 
                                false, 
                                false, 
                                false, 
                                false
                            ], 
                            "sub_type": "STR_JOIN"
                        }
                    ], 
                    "bp": false, 
                    "element_id": 1907503106000740, 
                    "enable": true
                }, 
                {
                    "action_type": "SET_VARIABLE", 
                    "args_list": [
                        {
                            "arg_type": 100030, 
                            "args_list": [
                                {
                                    "__tuple__": true, 
                                    "items": [
                                        "FLOAT", 
                                        "\u5f39\u9053\u901f\u5ea6", 
                                        "actor"
                                    ]
                                }
                            ], 
                            "sub_type": 1
                        }, 
                        {
                            "arg_type": 100000, 
                            "args_list": [
                                {
                                    "arg_type": 100000, 
                                    "args_list": [
                                        2800.0
                                    ], 
                                    "sub_type": 1
                                }, 
                                {
                                    "arg_type": 100017, 
                                    "args_list": [
                                        "+"
                                    ], 
                                    "sub_type": 1
                                }, 
                                {
                                    "arg_type": 100000, 
                                    "args_list": [
                                        {
                                            "arg_type": 100002, 
                                            "args_list": [
                                                {
                                                    "arg_type": 100014, 
                                                    "args_list": [], 
                                                    "sub_type": "CUR_ABILITY"
                                                }, 
                                                {
                                                    "arg_type": 100079, 
                                                    "args_list": [
                                                        "ability_level"
                                                    ], 
                                                    "sub_type": 1
                                                }
                                            ], 
                                            "sub_type": "GET_ABILITY_INT_ATTR"
                                        }, 
                                        {
                                            "arg_type": 100017, 
                                            "args_list": [
                                                "*"
                                            ], 
                                            "sub_type": 1
                                        }, 
                                        {
                                            "arg_type": 100002, 
                                            "args_list": [
                                                200
                                            ], 
                                            "sub_type": 1
                                        }
                                    ], 
                                    "sub_type": "ARITHMETIC_OPERATION"
                                }
                            ], 
                            "sub_type": "ARITHMETIC_OPERATION"
                        }
                    ], 
                    "bp": false, 
                    "element_id": 1439666179000048, 
                    "enable": true
                }, 
                {
                    "action_type": "SET_VARIABLE", 
                    "args_list": [
                        {
                            "arg_type": 100030, 
                            "args_list": [
                                [
                                    "FLOAT", 
                                    "\u5f39\u836f\u4f24\u5bb3\u8303\u56f4\u589e\u76ca", 
                                    "actor"
                                ]
                            ], 
                            "sub_type": 1
                        }, 
                        {
                            "arg_type": 100000, 
                            "args_list": [
                                {
                                    "arg_type": 100002, 
                                    "args_list": [
                                        {
                                            "arg_type": 100014, 
                                            "args_list": [], 
                                            "sub_type": "CUR_ABILITY"
                                        }, 
                                        {
                                            "arg_type": 100079, 
                                            "args_list": [
                                                "ability_level"
                                            ], 
                                            "sub_type": 1
                                        }
                                    ], 
                                    "sub_type": "GET_ABILITY_INT_ATTR"
                                }, 
                                {
                                    "arg_type": 100017, 
                                    "args_list": [
                                        "*"
                                    ], 
                                    "sub_type": 1
                                }, 
                                {
                                    "arg_type": 100000, 
                                    "args_list": [
                                        0.2
                                    ], 
                                    "sub_type": 1
                                }
                            ], 
                            "sub_type": "ARITHMETIC_OPERATION"
                        }
                    ], 
                    "bp": false, 
                    "element_id": 1439666179000098, 
                    "enable": true
                }, 
                {
                    "action_type": "SET_VARIABLE", 
                    "args_list": [
                        {
                            "arg_type": 100030, 
                            "args_list": [
                                {
                                    "__tuple__": true, 
                                    "items": [
                                        "INTEGER", 
                                        "\u5f39\u9053\u6570\u91cf", 
                                        "actor"
                                    ]
                                }
                            ], 
                            "sub_type": 1
                        }, 
                        {
                            "arg_type": 100002, 
                            "args_list": [
                                {
                                    "arg_type": 100002, 
                                    "args_list": [
                                        {
                                            "arg_type": 100014, 
                                            "args_list": [], 
                                            "sub_type": "CUR_ABILITY"
                                        }, 
                                        {
                                            "arg_type": 100079, 
                                            "args_list": [
                                                "ability_level"
                                            ], 
                                            "sub_type": 1
                                        }
                                    ], 
                                    "sub_type": "GET_ABILITY_INT_ATTR"
                                }, 
                                {
                                    "arg_type": 100016, 
                                    "args_list": [
                                        "*"
                                    ], 
                                    "sub_type": 1
                                }, 
                                {
                                    "arg_type": 100002, 
                                    "args_list": [
                                        1
                                    ], 
                                    "sub_type": 1
                                }
                            ], 
                            "sub_type": "MATH_OPERATION"
                        }
                    ], 
                    "bp": false, 
                    "element_id": 1439666179000749, 
                    "enable": true
                }, 
                {
                    "action_type": "SET_ABILITY_FLOAT_ATTR", 
                    "args_list": [
                        {
                            "arg_type": 100014, 
                            "args_list": [], 
                            "sub_type": "CUR_ABILITY"
                        }, 
                        {
                            "arg_type": 100078, 
                            "args_list": [
                                "ability_channel_time"
                            ], 
                            "sub_type": 1
                        }, 
                        {
                            "arg_type": 100002, 
                            "args_list": [
                                {
                                    "arg_type": 100014, 
                                    "args_list": [], 
                                    "sub_type": "CUR_ABILITY"
                                }, 
                                {
                                    "arg_type": 100079, 
                                    "args_list": [
                                        "ability_level"
                                    ], 
                                    "sub_type": 1
                                }
                            ], 
                            "sub_type": "GET_ABILITY_INT_ATTR"
                        }
                    ], 
                    "bp": false, 
                    "element_id": 1439666179000134, 
                    "enable": true
                }, 
                {
                    "action_type": "SET_ABILITY_FLOAT_ATTR", 
                    "args_list": [
                        {
                            "arg_type": 100014, 
                            "args_list": [], 
                            "sub_type": "CUR_ABILITY"
                        }, 
                        {
                            "arg_type": 100078, 
                            "args_list": [
                                "ability_damage"
                            ], 
                            "sub_type": 1
                        }, 
                        {
                            "arg_type": 100000, 
                            "args_list": [
                                {
                                    "arg_type": 100000, 
                                    "args_list": [
                                        {
                                            "arg_type": 100014, 
                                            "args_list": [], 
                                            "sub_type": "CUR_ABILITY"
                                        }, 
                                        {
                                            "arg_type": 100078, 
                                            "args_list": [
                                                "ability_damage"
                                            ], 
                                            "sub_type": 1
                                        }
                                    ], 
                                    "sub_type": "GET_ABILITY_FLOAT_ATTR"
                                }, 
                                {
                                    "arg_type": 100017, 
                                    "args_list": [
                                        "+"
                                    ], 
                                    "sub_type": 1
                                }, 
                                {
                                    "arg_type": 100002, 
                                    "args_list": [
                                        {
                                            "arg_type": 100002, 
                                            "args_list": [
                                                {
                                                    "arg_type": 100014, 
                                                    "args_list": [], 
                                                    "sub_type": "CUR_ABILITY"
                                                }, 
                                                {
                                                    "arg_type": 100079, 
                                                    "args_list": [
                                                        "ability_level"
                                                    ], 
                                                    "sub_type": 1
                                                }
                                            ], 
                                            "sub_type": "GET_ABILITY_INT_ATTR"
                                        }, 
                                        {
                                            "arg_type": 100016, 
                                            "args_list": [
                                                "*"
                                            ], 
                                            "sub_type": 1
                                        }, 
                                        {
                                            "arg_type": 100002, 
                                            "args_list": [
                                                50
                                            ], 
                                            "sub_type": 1
                                        }
                                    ], 
                                    "sub_type": "MATH_OPERATION"
                                }
                            ], 
                            "sub_type": "ARITHMETIC_OPERATION"
                        }
                    ], 
                    "bp": false, 
                    "element_id": 1439666179000751, 
                    "enable": true
                }, 
                {
                    "action_type": "SET_ABILITY_FLOAT_ATTR", 
                    "args_list": [
                        {
                            "arg_type": 100014, 
                            "args_list": [], 
                            "sub_type": "CUR_ABILITY"
                        }, 
                        {
                            "arg_type": 100078, 
                            "args_list": [
                                "cold_down_time"
                            ], 
                            "sub_type": 1
                        }, 
                        {
                            "arg_type": 100000, 
                            "args_list": [
                                {
                                    "arg_type": 100000, 
                                    "args_list": [
                                        {
                                            "arg_type": 100014, 
                                            "args_list": [], 
                                            "sub_type": "CUR_ABILITY"
                                        }, 
                                        {
                                            "arg_type": 100078, 
                                            "args_list": [
                                                "ability_channel_time"
                                            ], 
                                            "sub_type": 1
                                        }
                                    ], 
                                    "sub_type": "GET_ABILITY_FLOAT_ATTR"
                                }, 
                                {
                                    "arg_type": 100017, 
                                    "args_list": [
                                        "+"
                                    ], 
                                    "sub_type": 1
                                }, 
                                {
                                    "arg_type": 100000, 
                                    "args_list": [
                                        {
                                            "arg_type": 100000, 
                                            "args_list": [
                                                3.0
                                            ], 
                                            "sub_type": 1
                                        }, 
                                        {
                                            "arg_type": 100000, 
                                            "args_list": [
                                                {
                                                    "arg_type": 100000, 
                                                    "args_list": [
                                                        4.0
                                                    ], 
                                                    "sub_type": 1
                                                }, 
                                                {
                                                    "arg_type": 100017, 
                                                    "args_list": [
                                                        "-"
                                                    ], 
                                                    "sub_type": 1
                                                }, 
                                                {
                                                    "arg_type": 100000, 
                                                    "args_list": [
                                                        {
                                                            "arg_type": 100000, 
                                                            "args_list": [
                                                                0.5
                                                            ], 
                                                            "sub_type": 1
                                                        }, 
                                                        {
                                                            "arg_type": 100017, 
                                                            "args_list": [
                                                                "*"
                                                            ], 
                                                            "sub_type": 1
                                                        }, 
                                                        {
                                                            "arg_type": 100002, 
                                                            "args_list": [
                                                                {
                                                                    "arg_type": 100014, 
                                                                    "args_list": [], 
                                                                    "sub_type": "CUR_ABILITY"
                                                                }, 
                                                                {
                                                                    "arg_type": 100079, 
                                                                    "args_list": [
                                                                        "ability_level"
                                                                    ], 
                                                                    "sub_type": 1
                                                                }
                                                            ], 
                                                            "sub_type": "GET_ABILITY_INT_ATTR"
                                                        }
                                                    ], 
                                                    "sub_type": "ARITHMETIC_OPERATION"
                                                }
                                            ], 
                                            "sub_type": "ARITHMETIC_OPERATION"
                                        }
                                    ], 
                                    "sub_type": "MAX_FLOAT"
                                }
                            ], 
                            "sub_type": "ARITHMETIC_OPERATION"
                        }
                    ], 
                    "bp": false, 
                    "element_id": 1439666179000743, 
                    "enable": true
                }
            ], 
            "call_enabled": true, 
            "condition": [], 
            "enabled": true, 
            "event": [
                {
                    "args_list": [], 
                    "element_id": 1439666179000003, 
                    "enable": true, 
                    "event_type": "ABILITY_LEVEL_CHANGED"
                }
            ], 
            "group_id": 134257197, 
            "p_trigger_id": null, 
            "trigger_id": 1439666179, 
            "trigger_name": "\u6280\u80fd\u7b49\u7ea7\u53d8\u5316", 
            "valid": true, 
            "var_data": [
                {
                    "INTEGER": {
                        "\u5f53\u524d\u7b49\u7ea7": 0
                    }
                }, 
                {
                    "\u5f53\u524d\u7b49\u7ea7": 0
                }, 
                [
                    "\u5f53\u524d\u7b49\u7ea7"
                ]
            ]
        }, 
        "1605738498": {
            "action": [
                {
                    "action_type": "PRINT_MESSAGE_ACTION_TO_DIALOG", 
                    "args_list": [
                        {
                            "arg_type": 100175, 
                            "args_list": [
                                3
                            ], 
                            "sub_type": 1
                        }, 
                        {
                            "arg_type": 100003, 
                            "args_list": [
                                "\u65bd\u6cd5\u505c\u6b62"
                            ], 
                            "sub_type": 1
                        }
                    ], 
                    "bp": false, 
                    "element_id": 1907503106000740, 
                    "enable": true
                }
            ], 
            "call_enabled": true, 
            "condition": [], 
            "enabled": true, 
            "event": [
                {
                    "args_list": [], 
                    "element_id": 1605738498000002, 
                    "enable": true, 
                    "event_type": "ABILITY_END"
                }
            ], 
            "group_id": 134257197, 
            "p_trigger_id": null, 
            "trigger_id": 1605738498, 
            "trigger_name": "\u65bd\u6cd5\u505c\u6b62", 
            "valid": true, 
            "var_data": [
                {
                    "ABILITY": {
                        "skill": null
                    }, 
                    "INTEGER": {
                        "i": 0
                    }, 
                    "NEW_TIMER": {}
                }, 
                {
                    "i": 0, 
                    "skill": 0
                }, 
                [
                    "i", 
                    "skill"
                ]
            ]
        }, 
        "1907503106": {
            "action": [
                {
                    "action_type": "SET_VARIABLE", 
                    "args_list": [
                        {
                            "arg_type": 100030, 
                            "args_list": [
                                {
                                    "__tuple__": true, 
                                    "items": [
                                        "INTEGER", 
                                        "\u5f39\u9053\u6570\u91cf", 
                                        "actor"
                                    ]
                                }
                            ], 
                            "sub_type": 1
                        }, 
                        {
                            "arg_type": 100002, 
                            "args_list": [
                                {
                                    "arg_type": 100002, 
                                    "args_list": [
                                        {
                                            "arg_type": 100014, 
                                            "args_list": [], 
                                            "sub_type": "CUR_ABILITY"
                                        }, 
                                        {
                                            "arg_type": 100079, 
                                            "args_list": [
                                                "ability_level"
                                            ], 
                                            "sub_type": 1
                                        }
                                    ], 
                                    "sub_type": "GET_ABILITY_INT_ATTR"
                                }, 
                                {
                                    "arg_type": 100016, 
                                    "args_list": [
                                        "*"
                                    ], 
                                    "sub_type": 1
                                }, 
                                {
                                    "arg_type": 100002, 
                                    "args_list": [
                                        1
                                    ], 
                                    "sub_type": 1
                                }
                            ], 
                            "sub_type": "MATH_OPERATION"
                        }
                    ], 
                    "bp": false, 
                    "element_id": 1439666179000749, 
                    "enable": true
                }, 
                {
                    "action_type": "PRINT_MESSAGE_ACTION_TO_DIALOG", 
                    "args_list": [
                        {
                            "arg_type": 100175, 
                            "args_list": [
                                3
                            ], 
                            "sub_type": 1
                        }, 
                        {
                            "arg_type": 100003, 
                            "args_list": [
                                "\u65bd\u653e\u6280\u80fd"
                            ], 
                            "sub_type": 1
                        }
                    ], 
                    "bp": false, 
                    "element_id": 1907503106000740, 
                    "enable": true
                }, 
                {
                    "action_type": "SET_VARIABLE", 
                    "args_list": [
                        {
                            "arg_type": 100030, 
                            "args_list": [
                                {
                                    "__tuple__": true, 
                                    "items": [
                                        "ANGLE", 
                                        "\u5f39\u9053\u95f4\u9694\u89d2\u5ea6", 
                                        "actor"
                                    ]
                                }
                            ], 
                            "sub_type": 1
                        }, 
                        {
                            "arg_type": 100225, 
                            "args_list": [
                                0.0
                            ], 
                            "sub_type": 1
                        }
                    ], 
                    "bp": false, 
                    "element_id": 1907503106002217, 
                    "enable": true
                }, 
                {
                    "action_type": "SET_VARIABLE", 
                    "args_list": [
                        {
                            "arg_type": 100030, 
                            "args_list": [
                                [
                                    "FLOAT", 
                                    "\u504f\u79fb\u8ddd\u79bb", 
                                    "local"
                                ]
                            ], 
                            "sub_type": 1
                        }, 
                        {
                            "arg_type": 100000, 
                            "args_list": [
                                50.0
                            ], 
                            "sub_type": 1
                        }
                    ], 
                    "bp": false, 
                    "element_id": 1907503106002468, 
                    "enable": true
                }, 
                {
                    "action_type": "RUN_LOOP_TIMER_NO_SAVE", 
                    "args_list": [
                        {
                            "arg_type": 100000, 
                            "args_list": [
                                0.5
                            ], 
                            "sub_type": 1
                        }, 
                        {
                            "arg_type": 100001, 
                            "args_list": [
                                true
                            ], 
                            "sub_type": 1
                        }, 
                        {
                            "arg_type": 100022, 
                            "args_list": [
                                {
                                    "action_type": "IF_THEN_ELSE", 
                                    "args_list": [
                                        {
                                            "arg_type": 100021, 
                                            "args_list": [
                                                {
                                                    "args_list": [
                                                        {
                                                            "arg_type": 100000, 
                                                            "args_list": [
                                                                0.0
                                                            ], 
                                                            "sub_type": 1
                                                        }, 
                                                        {
                                                            "arg_type": 100002, 
                                                            "args_list": [
                                                                {
                                                                    "__tuple__": true, 
                                                                    "items": [
                                                                        "INTEGER", 
                                                                        "\u5f39\u9053\u6570\u91cf", 
                                                                        "actor"
                                                                    ]
                                                                }
                                                            ], 
                                                            "sub_type": 6
                                                        }, 
                                                        {
                                                            "arg_type": 100000, 
                                                            "args_list": [
                                                                100000.0
                                                            ], 
                                                            "sub_type": 1
                                                        }
                                                    ], 
                                                    "condition_type": "NUMBER_RANGE", 
                                                    "element_id": 1907503106004115, 
                                                    "enable": true
                                                }
                                            ], 
                                            "sub_type": 1
                                        }, 
                                        {
                                            "arg_type": 100022, 
                                            "args_list": [
                                                {
                                                    "action_type": "PRINT_MESSAGE_ACTION_TO_DIALOG", 
                                                    "args_list": [
                                                        {
                                                            "arg_type": 100175, 
                                                            "args_list": [
                                                                3
                                                            ], 
                                                            "sub_type": 1
                                                        }, 
                                                        {
                                                            "arg_type": 100003, 
                                                            "args_list": [
                                                                {
                                                                    "arg_type": 100003, 
                                                                    "args_list": [
                                                                        "'\u5f53\u524dloop_i\u4e3a\n\u2018\n"
                                                                    ], 
                                                                    "sub_type": 1
                                                                }, 
                                                                {
                                                                    "arg_type": 100003, 
                                                                    "args_list": [
                                                                        {
                                                                            "arg_type": 100002, 
                                                                            "args_list": [
                                                                                {
                                                                                    "__tuple__": true, 
                                                                                    "items": [
                                                                                        "INTEGER", 
                                                                                        "loop_i", 
                                                                                        "local"
                                                                                    ]
                                                                                }
                                                                            ], 
                                                                            "sub_type": 6
                                                                        }
                                                                    ], 
                                                                    "sub_type": "ANY_VAR_TO_STR"
                                                                }
                                                            ], 
                                                            "op_arg": [
                                                                null, 
                                                                null, 
                                                                null, 
                                                                null, 
                                                                null, 
                                                                null, 
                                                                null, 
                                                                null
                                                            ], 
                                                            "op_arg_enable": [
                                                                false, 
                                                                false, 
                                                                false, 
                                                                false, 
                                                                false, 
                                                                false, 
                                                                false, 
                                                                false
                                                            ], 
                                                            "sub_type": "STR_JOIN"
                                                        }
                                                    ], 
                                                    "bp": false, 
                                                    "element_id": 1907503106004116, 
                                                    "enable": true
                                                }, 
                                                {
                                                    "action_type": "SET_VARIABLE", 
                                                    "args_list": [
                                                        {
                                                            "arg_type": 100030, 
                                                            "args_list": [
                                                                [
                                                                    "POINT", 
                                                                    "\u8d77\u59cb\u4f4d\u7f6e", 
                                                                    "local"
                                                                ]
                                                            ], 
                                                            "sub_type": 1
                                                        }, 
                                                        {
                                                            "arg_type": 100004, 
                                                            "args_list": [
                                                                {
                                                                    "arg_type": 100006, 
                                                                    "args_list": [], 
                                                                    "sub_type": "GET_UNIT_FROM_EVENT"
                                                                }
                                                            ], 
                                                            "sub_type": "UNIT_ENTITY_POINT"
                                                        }
                                                    ], 
                                                    "bp": false, 
                                                    "element_id": 1907503106004117, 
                                                    "enable": true
                                                }, 
                                                {
                                                    "action_type": "SET_VARIABLE", 
                                                    "args_list": [
                                                        {
                                                            "arg_type": 100030, 
                                                            "args_list": [
                                                                [
                                                                    "ANGLE", 
                                                                    "\u8d77\u59cb\u89d2\u5ea6", 
                                                                    "local"
                                                                ]
                                                            ], 
                                                            "sub_type": 1
                                                        }, 
                                                        {
                                                            "arg_type": 100225, 
                                                            "args_list": [
                                                                {
                                                                    "arg_type": 100004, 
                                                                    "args_list": [
                                                                        {
                                                                            "arg_type": 100006, 
                                                                            "args_list": [], 
                                                                            "sub_type": "GET_UNIT_FROM_EVENT"
                                                                        }
                                                                    ], 
                                                                    "sub_type": "UNIT_ENTITY_POINT"
                                                                }, 
                                                                {
                                                                    "arg_type": 100004, 
                                                                    "args_list": [
                                                                        {
                                                                            "arg_type": 100006, 
                                                                            "args_list": [
                                                                                {
                                                                                    "arg_type": 100000, 
                                                                                    "args_list": [
                                                                                        5000.0
                                                                                    ], 
                                                                                    "sub_type": 1
                                                                                }, 
                                                                                {
                                                                                    "arg_type": 100004, 
                                                                                    "args_list": [
                                                                                        {
                                                                                            "arg_type": 100006, 
                                                                                            "args_list": [], 
                                                                                            "sub_type": "GET_UNIT_FROM_EVENT"
                                                                                        }
                                                                                    ], 
                                                                                    "sub_type": "UNIT_ENTITY_POINT"
                                                                                }
                                                                            ], 
                                                                            "call_rt_index": 0, 
                                                                            "op_arg": [], 
                                                                            "op_arg_enable": [], 
                                                                            "sub_type": "592be6806efb11eeaa7730d042e90e85"
                                                                        }
                                                                    ], 
                                                                    "sub_type": "UNIT_ENTITY_POINT"
                                                                }
                                                            ], 
                                                            "sub_type": "GET_POINTS_ANGLE"
                                                        }
                                                    ], 
                                                    "bp": false, 
                                                    "element_id": 1907503106004118, 
                                                    "enable": true
                                                }, 
                                                {
                                                    "action_type": "CALL_TRIGGER_FUNC", 
                                                    "args_list": [
                                                        {
                                                            "arg_type": 100177, 
                                                            "args_list": [
                                                                {
                                                                    "arg_type": 100062, 
                                                                    "args_list": [
                                                                        [
                                                                            "PROJECTILE", 
                                                                            "\u5f39\u836f\u7c7b\u578b", 
                                                                            "actor"
                                                                        ]
                                                                    ], 
                                                                    "sub_type": "VARIABLE"
                                                                }, 
                                                                {
                                                                    "arg_type": 100004, 
                                                                    "args_list": [
                                                                        {
                                                                            "arg_type": 100004, 
                                                                            "args_list": [
                                                                                [
                                                                                    "POINT", 
                                                                                    "\u8d77\u59cb\u4f4d\u7f6e", 
                                                                                    "local"
                                                                                ]
                                                                            ], 
                                                                            "sub_type": 19
                                                                        }, 
                                                                        {
                                                                            "arg_type": 100225, 
                                                                            "args_list": [
                                                                                {
                                                                                    "__tuple__": true, 
                                                                                    "items": [
                                                                                        "ANGLE", 
                                                                                        "\u8d77\u59cb\u89d2\u5ea6", 
                                                                                        "local"
                                                                                    ]
                                                                                }
                                                                            ], 
                                                                            "sub_type": 2
                                                                        }, 
                                                                        {
                                                                            "arg_type": 100000, 
                                                                            "args_list": [
                                                                                [
                                                                                    "FLOAT", 
                                                                                    "\u504f\u79fb\u8ddd\u79bb", 
                                                                                    "local"
                                                                                ]
                                                                            ], 
                                                                            "sub_type": 2
                                                                        }
                                                                    ], 
                                                                    "sub_type": "POINT_OFFSET_VECTOR_POINT"
                                                                }, 
                                                                {
                                                                    "arg_type": 100006, 
                                                                    "args_list": [], 
                                                                    "sub_type": "GET_UNIT_FROM_EVENT"
                                                                }, 
                                                                {
                                                                    "arg_type": 100000, 
                                                                    "args_list": [
                                                                        100.0
                                                                    ], 
                                                                    "sub_type": 1
                                                                }, 
                                                                {
                                                                    "arg_type": 100000, 
                                                                    "args_list": [
                                                                        {
                                                                            "arg_type": 100000, 
                                                                            "args_list": [
                                                                                [
                                                                                    "FLOAT", 
                                                                                    "\u57fa\u7840\u5f39\u836f\u4f24\u5bb3\u8303\u56f4", 
                                                                                    "actor"
                                                                                ]
                                                                            ], 
                                                                            "sub_type": 2
                                                                        }, 
                                                                        {
                                                                            "arg_type": 100017, 
                                                                            "args_list": [
                                                                                "*"
                                                                            ], 
                                                                            "sub_type": 1
                                                                        }, 
                                                                        {
                                                                            "arg_type": 100000, 
                                                                            "args_list": [
                                                                                {
                                                                                    "arg_type": 100000, 
                                                                                    "args_list": [
                                                                                        1.0
                                                                                    ], 
                                                                                    "sub_type": 1
                                                                                }, 
                                                                                {
                                                                                    "arg_type": 100017, 
                                                                                    "args_list": [
                                                                                        "+"
                                                                                    ], 
                                                                                    "sub_type": 1
                                                                                }, 
                                                                                {
                                                                                    "arg_type": 100000, 
                                                                                    "args_list": [
                                                                                        [
                                                                                            "FLOAT", 
                                                                                            "\u5f39\u836f\u4f24\u5bb3\u8303\u56f4\u589e\u76ca", 
                                                                                            "actor"
                                                                                        ]
                                                                                    ], 
                                                                                    "sub_type": 2
                                                                                }
                                                                            ], 
                                                                            "sub_type": "ARITHMETIC_OPERATION"
                                                                        }
                                                                    ], 
                                                                    "sub_type": "ARITHMETIC_OPERATION"
                                                                }, 
                                                                {
                                                                    "arg_type": 100000, 
                                                                    "args_list": [
                                                                        {
                                                                            "arg_type": 100014, 
                                                                            "args_list": [], 
                                                                            "sub_type": "CUR_ABILITY"
                                                                        }, 
                                                                        {
                                                                            "arg_type": 100078, 
                                                                            "args_list": [
                                                                                "ability_damage"
                                                                            ], 
                                                                            "sub_type": 1
                                                                        }
                                                                    ], 
                                                                    "sub_type": "GET_ABILITY_FLOAT_ATTR"
                                                                }, 
                                                                {
                                                                    "arg_type": 100000, 
                                                                    "args_list": [
                                                                        1000.0
                                                                    ], 
                                                                    "sub_type": 1
                                                                }, 
                                                                {
                                                                    "arg_type": 100000, 
                                                                    "args_list": [
                                                                        [
                                                                            "FLOAT", 
                                                                            "\u5f39\u9053\u901f\u5ea6", 
                                                                            "actor"
                                                                        ]
                                                                    ], 
                                                                    "sub_type": 2
                                                                }, 
                                                                {
                                                                    "arg_type": 100225, 
                                                                    "args_list": [
                                                                        {
                                                                            "__tuple__": true, 
                                                                            "items": [
                                                                                "ANGLE", 
                                                                                "\u8d77\u59cb\u89d2\u5ea6", 
                                                                                "local"
                                                                            ]
                                                                        }
                                                                    ], 
                                                                    "sub_type": 2
                                                                }, 
                                                                {
                                                                    "arg_type": 100000, 
                                                                    "args_list": [
                                                                        {
                                                                            "arg_type": 100000, 
                                                                            "args_list": [
                                                                                1.0
                                                                            ], 
                                                                            "sub_type": 1
                                                                        }, 
                                                                        {
                                                                            "arg_type": 100017, 
                                                                            "args_list": [
                                                                                "+"
                                                                            ], 
                                                                            "sub_type": 1
                                                                        }, 
                                                                        {
                                                                            "arg_type": 100000, 
                                                                            "args_list": [
                                                                                [
                                                                                    "FLOAT", 
                                                                                    "\u5f39\u836f\u4f24\u5bb3\u8303\u56f4\u589e\u76ca", 
                                                                                    "actor"
                                                                                ]
                                                                            ], 
                                                                            "sub_type": 2
                                                                        }
                                                                    ], 
                                                                    "sub_type": "ARITHMETIC_OPERATION"
                                                                }, 
                                                                {
                                                                    "arg_type": 100014, 
                                                                    "args_list": [], 
                                                                    "sub_type": "CUR_ABILITY"
                                                                }
                                                            ], 
                                                            "op_arg": [], 
                                                            "op_arg_enable": [], 
                                                            "sub_type": "089ea2306e5a11eea52630d042e90e85"
                                                        }
                                                    ], 
                                                    "bp": false, 
                                                    "call_rt_arg_idxes": [], 
                                                    "element_id": 1907503106004119, 
                                                    "enable": true
                                                }, 
                                                {
                                                    "action_type": "SET_VARIABLE", 
                                                    "args_list": [
                                                        {
                                                            "arg_type": 100030, 
                                                            "args_list": [
                                                                {
                                                                    "__tuple__": true, 
                                                                    "items": [
                                                                        "INTEGER", 
                                                                        "\u5f39\u9053\u6570\u91cf", 
                                                                        "actor"
                                                                    ]
                                                                }
                                                            ], 
                                                            "sub_type": 1
                                                        }, 
                                                        {
                                                            "arg_type": 100002, 
                                                            "args_list": [
                                                                {
                                                                    "arg_type": 100002, 
                                                                    "args_list": [
                                                                        {
                                                                            "__tuple__": true, 
                                                                            "items": [
                                                                                "INTEGER", 
                                                                                "\u5f39\u9053\u6570\u91cf", 
                                                                                "actor"
                                                                            ]
                                                                        }
                                                                    ], 
                                                                    "sub_type": 6
                                                                }, 
                                                                {
                                                                    "arg_type": 100016, 
                                                                    "args_list": [
                                                                        "-"
                                                                    ], 
                                                                    "sub_type": 1
                                                                }, 
                                                                {
                                                                    "arg_type": 100002, 
                                                                    "args_list": [
                                                                        1
                                                                    ], 
                                                                    "sub_type": 1
                                                                }
                                                            ], 
                                                            "sub_type": "MATH_OPERATION"
                                                        }
                                                    ], 
                                                    "bp": false, 
                                                    "element_id": 1907503106004120, 
                                                    "enable": true
                                                }
                                            ], 
                                            "sub_type": 1
                                        }, 
                                        {
                                            "arg_type": 100022, 
                                            "args_list": [
                                                {
                                                    "action_type": "DELETE_TIMER", 
                                                    "args_list": [
                                                        {
                                                            "arg_type": 100181, 
                                                            "args_list": [], 
                                                            "sub_type": "CURRENT_EXPIRED_TIMER"
                                                        }
                                                    ], 
                                                    "bp": false, 
                                                    "element_id": 1907503106004121, 
                                                    "enable": true
                                                }
                                            ], 
                                            "sub_type": 1
                                        }
                                    ], 
                                    "bp": false, 
                                    "element_id": 1907503106004122, 
                                    "enable": true, 
                                    "fake_op": [
                                        2
                                    ]
                                }
                            ], 
                            "sub_type": 1
                        }
                    ], 
                    "bp": false, 
                    "element_id": 1907503106003912, 
                    "enable": true, 
                    "local_var": {
                        "__tuple__": true, 
                        "items": [
                            {}, 
                            {}
                        ]
                    }
                }
            ], 
            "call_enabled": true, 
            "condition": [], 
            "enabled": true, 
            "event": [
                {
                    "args_list": [], 
                    "element_id": 1907503106000003, 
                    "enable": true, 
                    "event_type": "ABILITY_CS_START"
                }
            ], 
            "group_id": 134257197, 
            "p_trigger_id": null, 
            "trigger_id": 1907503106, 
            "trigger_name": "\u65bd\u6cd5\u5f00\u59cb", 
            "valid": true, 
            "var_data": [
                {
                    "ABILITY": {}, 
                    "ANGLE": {
                        "\u4e34\u65f6\u89d2\u5ea6": 0.0, 
                        "\u8d77\u59cb\u89d2\u5ea6": 0.0
                    }, 
                    "FLOAT": {
                        "shootCD": 0.0, 
                        "\u504f\u79fb\u8ddd\u79bb": 0.0
                    }, 
                    "INTEGER": {
                        "extraColumnNum": 0, 
                        "i": 0, 
                        "loop_i": 0, 
                        "\u6280\u80fd\u6570\u91cf": 0
                    }, 
                    "MOVER_ENTITY": {}, 
                    "NEW_TIMER": {}, 
                    "POINT": {
                        "\u8d77\u59cb\u4f4d\u7f6e": {
                            "__tuple__": true, 
                            "items": [
                                0, 
                                0, 
                                0
                            ]
                        }
                    }, 
                    "PROJECTILE": {}, 
                    "PROJECTILE_ENTITY": {}, 
                    "STRING": {}, 
                    "UNIT_ENTITY": {}
                }, 
                {
                    "extraColumnNum": 0, 
                    "i": 0, 
                    "loop_i": 0, 
                    "shootCD": 0, 
                    "\u4e34\u65f6\u89d2\u5ea6": 0, 
                    "\u504f\u79fb\u8ddd\u79bb": 0, 
                    "\u6280\u80fd\u6570\u91cf": 0, 
                    "\u8d77\u59cb\u4f4d\u7f6e": 0, 
                    "\u8d77\u59cb\u89d2\u5ea6": 0
                }, 
                [
                    "extraColumnNum", 
                    "i", 
                    "loop_i", 
                    "shootCD", 
                    "\u4e34\u65f6\u89d2\u5ea6", 
                    "\u504f\u79fb\u8ddd\u79bb", 
                    "\u8d77\u59cb\u4f4d\u7f6e", 
                    "\u8d77\u59cb\u89d2\u5ea6", 
                    "\u6280\u80fd\u6570\u91cf"
                ]
            ]
        }, 
        "2073690116": {
            "action": [
                {
                    "action_type": "SET_VARIABLE", 
                    "args_list": [
                        {
                            "arg_type": 100030, 
                            "args_list": [
                                [
                                    "PROJECTILE", 
                                    "\u5f39\u836f\u7c7b\u578b", 
                                    "actor"
                                ]
                            ], 
                            "sub_type": 1
                        }, 
                        {
                            "arg_type": 100062, 
                            "args_list": [
                                134263521
                            ], 
                            "sub_type": 1
                        }
                    ], 
                    "bp": false, 
                    "element_id": 714330116000176, 
                    "enable": true
                }, 
                {
                    "action_type": "SET_VARIABLE", 
                    "args_list": [
                        {
                            "arg_type": 100030, 
                            "args_list": [
                                {
                                    "__tuple__": true, 
                                    "items": [
                                        "FLOAT", 
                                        "\u57fa\u7840\u5f39\u836f\u4f24\u5bb3\u8303\u56f4", 
                                        "actor"
                                    ]
                                }
                            ], 
                            "sub_type": 1
                        }, 
                        {
                            "arg_type": 100000, 
                            "args_list": [
                                100.0
                            ], 
                            "sub_type": 1
                        }
                    ], 
                    "bp": false, 
                    "element_id": 1439666179000013, 
                    "enable": true
                }
            ], 
            "call_enabled": true, 
            "condition": [], 
            "enabled": true, 
            "event": [
                {
                    "args_list": [], 
                    "element_id": 2073690116000002, 
                    "enable": true, 
                    "event_type": "ABILITY_OBTAIN"
                }
            ], 
            "group_id": 134257197, 
            "p_trigger_id": null, 
            "trigger_id": 2073690116, 
            "trigger_name": "\u83b7\u5f97\u6280\u80fd", 
            "valid": true, 
            "var_data": [
                {}, 
                {}, 
                []
            ]
        }
    }, 
    "trigger_group_info": [
        {
            "_trigger_group_": true, 
            "group": [
                {
                    "__tuple__": true, 
                    "items": [
                        2073690116, 
                        "\u83b7\u5f97\u6280\u80fd"
                    ]
                }, 
                {
                    "__tuple__": true, 
                    "items": [
                        1439666179, 
                        "\u6280\u80fd\u7b49\u7ea7\u53d8\u5316"
                    ]
                }, 
                {
                    "__tuple__": true, 
                    "items": [
                        1907503106, 
                        "\u65bd\u6cd5\u5f00\u59cb"
                    ]
                }, 
                {
                    "__tuple__": true, 
                    "items": [
                        1605738498, 
                        "\u65bd\u6cd5\u505c\u6b62"
                    ]
                }, 
                {
                    "__tuple__": true, 
                    "items": [
                        817086469, 
                        "\u6280\u80fd\u51b7\u5374\u7ed3\u675f"
                    ]
                }
            ], 
            "key": 134257197, 
            "name": "134257197"
        }
    ], 
    "trigger_version": "1.2", 
    "variable_dict": {
        "ANGLE": {
            "\u5f39\u9053\u95f4\u9694\u89d2\u5ea6": 0.0
        }, 
        "DYNAMIC_TRIGGER_INSTANCE": {}, 
        "FLOAT": {
            "\u57fa\u7840\u5f39\u836f\u4f24\u5bb3\u8303\u56f4": 0.0, 
            "\u5f39\u836f\u4f24\u5bb3\u8303\u56f4\u589e\u76ca": 0.0, 
            "\u5f39\u9053\u901f\u5ea6": 0.0
        }, 
        "INTEGER": {
            "\u5f39\u9053\u6570\u91cf": 0
        }, 
        "MOVER_ENTITY": {}, 
        "NEW_TIMER": {
            "groupTimer": -1
        }, 
        "PROJECTILE": {
            "\u5f39\u836f\u7c7b\u578b": 0
        }
    }, 
    "variable_group_info": [
        {
            "__tuple__": true, 
            "items": [
                "\u57fa\u7840\u5f39\u836f\u4f24\u5bb3\u8303\u56f4", 
                "\u57fa\u7840\u5f39\u836f\u4f24\u5bb3\u8303\u56f4"
            ]
        }, 
        {
            "__tuple__": true, 
            "items": [
                "\u5f39\u836f\u7c7b\u578b", 
                "\u5f39\u836f\u7c7b\u578b"
            ]
        }, 
        {
            "__tuple__": true, 
            "items": [
                "\u5f39\u9053\u6570\u91cf", 
                "\u5f39\u9053\u6570\u91cf"
            ]
        }, 
        {
            "__tuple__": true, 
            "items": [
                "\u5f39\u9053\u901f\u5ea6", 
                "\u5f39\u9053\u901f\u5ea6"
            ]
        }, 
        {
            "__tuple__": true, 
            "items": [
                "\u5f39\u836f\u4f24\u5bb3\u8303\u56f4\u589e\u76ca", 
                "\u5f39\u836f\u4f24\u5bb3\u8303\u56f4\u589e\u76ca"
            ]
        }, 
        {
            "__tuple__": true, 
            "items": [
                "\u5f39\u9053\u95f4\u9694\u89d2\u5ea6", 
                "\u5f39\u9053\u95f4\u9694\u89d2\u5ea6"
            ]
        }, 
        {
            "__tuple__": true, 
            "items": [
                "groupTimer", 
                "groupTimer"
            ]
        }
    ], 
    "variable_length_dict": {
        "groupTimer": 0, 
        "\u57fa\u7840\u5f39\u836f\u4f24\u5bb3\u8303\u56f4": 0, 
        "\u5f39\u836f\u4f24\u5bb3\u8303\u56f4\u589e\u76ca": 0, 
        "\u5f39\u836f\u7c7b\u578b": 0, 
        "\u5f39\u9053\u6570\u91cf": 0, 
        "\u5f39\u9053\u901f\u5ea6": 0, 
        "\u5f39\u9053\u95f4\u9694\u89d2\u5ea6": 0
    }
}