{
    "local_variable": {
        "1336217601": {
            "variable_dict": {
                "FLOAT": {}, 
                "INTEGER": {
                    "\u5168\u5355\u4f4d\u6570\u7ec4\u8ba1\u6570\u5668": 0, 
                    "\u5f53\u524d\u73a9\u5bb6ID": 0
                }, 
                "PLAYER": {
                    "\u73a9\u5bb6": 0
                }, 
                "TABLE": {
                    "\u73a9\u5bb6\u9635\u5bb9\u4fe1\u606f\u5bf9\u5e94\u8868": null
                }, 
                "UNIT_ENTITY": {
                    "\u5355\u4f4d\u6570\u7ec4": 0
                }
            }, 
            "variable_length_dict": {
                "\u5168\u5355\u4f4d\u6570\u7ec4\u8ba1\u6570\u5668": 0, 
                "\u5355\u4f4d\u6570\u7ec4": 10, 
                "\u5f53\u524d\u73a9\u5bb6ID": 0, 
                "\u73a9\u5bb6": 0, 
                "\u73a9\u5bb6\u9635\u5bb9\u4fe1\u606f\u5bf9\u5e94\u8868": 0
            }
        }, 
        "1387819010": {
            "variable_dict": {}, 
            "variable_length_dict": {}
        }
    }, 
    "trigger_dict": {
        "1336217601": {
            "action": [
                {
                    "action_type": "SET_VARIABLE", 
                    "args_list": [
                        {
                            "arg_type": 100030, 
                            "args_list": [
                                {
                                    "__tuple__": true, 
                                    "items": [
                                        "INTEGER", 
                                        "\u5168\u5355\u4f4d\u6570\u7ec4\u8ba1\u6570\u5668", 
                                        "local"
                                    ]
                                }
                            ], 
                            "sub_type": 1
                        }, 
                        {
                            "arg_type": 100002, 
                            "args_list": [
                                0
                            ], 
                            "sub_type": 1
                        }
                    ], 
                    "bp": false, 
                    "element_id": 1336217601000154, 
                    "enable": true
                }, 
                {
                    "action_type": "SET_VARIABLE", 
                    "args_list": [
                        {
                            "arg_type": 100030, 
                            "args_list": [
                                {
                                    "__tuple__": true, 
                                    "items": [
                                        "INTEGER", 
                                        "\u5f53\u524d\u73a9\u5bb6ID", 
                                        "local"
                                    ]
                                }
                            ], 
                            "sub_type": 1
                        }, 
                        {
                            "arg_type": 100002, 
                            "args_list": [
                                {
                                    "arg_type": 100025, 
                                    "args_list": [
                                        {
                                            "arg_type": 100006, 
                                            "args_list": [], 
                                            "sub_type": "ABILITY_OWNER"
                                        }
                                    ], 
                                    "sub_type": "OWNER_PLAYER"
                                }
                            ], 
                            "sub_type": "PLAYER_ID_NUMBER"
                        }
                    ], 
                    "bp": false, 
                    "element_id": 1336217601000139, 
                    "enable": true
                }, 
                {
                    "action_type": "LIST_LOOP", 
                    "args_list": [
                        {
                            "arg_type": 100081, 
                            "args_list": [
                                {
                                    "__tuple__": true, 
                                    "items": [
                                        "INTEGER", 
                                        "\u73a9\u5bb6ID\u6570\u7ec4"
                                    ]
                                }
                            ], 
                            "sub_type": 1
                        }, 
                        {
                            "arg_type": 100022, 
                            "args_list": [
                                {
                                    "action_type": "IF_THEN_ELSE", 
                                    "args_list": [
                                        {
                                            "arg_type": 100021, 
                                            "args_list": [
                                                {
                                                    "args_list": [
                                                        {
                                                            "arg_type": 100002, 
                                                            "args_list": [
                                                                {
                                                                    "__tuple__": true, 
                                                                    "items": [
                                                                        "INTEGER", 
                                                                        "\u5f53\u524d\u73a9\u5bb6ID", 
                                                                        "local"
                                                                    ]
                                                                }
                                                            ], 
                                                            "sub_type": 6
                                                        }, 
                                                        {
                                                            "arg_type": 100015, 
                                                            "args_list": [
                                                                "=="
                                                            ], 
                                                            "sub_type": 1
                                                        }, 
                                                        {
                                                            "arg_type": 100002, 
                                                            "args_list": [
                                                                {
                                                                    "__tuple__": true, 
                                                                    "items": [
                                                                        "INTEGER", 
                                                                        "\u73a9\u5bb6ID\u6570\u7ec4"
                                                                    ]
                                                                }, 
                                                                {
                                                                    "arg_type": 100002, 
                                                                    "args_list": [], 
                                                                    "sub_type": "GET_LOOP_LIST_INDEX"
                                                                }
                                                            ], 
                                                            "sub_type": 6
                                                        }
                                                    ], 
                                                    "condition_type": "FLOAT_COMPARE", 
                                                    "element_id": 1336217601000192, 
                                                    "enable": true
                                                }
                                            ], 
                                            "sub_type": 1
                                        }, 
                                        {
                                            "arg_type": 100022, 
                                            "args_list": [
                                                {
                                                    "action_type": "SWITCH", 
                                                    "args_list": [
                                                        {
                                                            "arg_type": 100002, 
                                                            "args_list": [], 
                                                            "sub_type": "GET_LOOP_LIST_INDEX"
                                                        }, 
                                                        {
                                                            "arg_type": 100022, 
                                                            "args_list": [
                                                                {
                                                                    "action_type": "CASE", 
                                                                    "args_list": [
                                                                        {
                                                                            "arg_type": 100002, 
                                                                            "args_list": [
                                                                                0
                                                                            ], 
                                                                            "sub_type": 1
                                                                        }, 
                                                                        {
                                                                            "arg_type": 100022, 
                                                                            "args_list": [
                                                                                {
                                                                                    "action_type": "LIST_LOOP", 
                                                                                    "args_list": [
                                                                                        {
                                                                                            "arg_type": 100081, 
                                                                                            "args_list": [
                                                                                                {
                                                                                                    "__tuple__": true, 
                                                                                                    "items": [
                                                                                                        "UNIT_ENTITY", 
                                                                                                        "\u73a9\u5bb61\u5355\u4f4d\u6570\u7ec4"
                                                                                                    ]
                                                                                                }
                                                                                            ], 
                                                                                            "sub_type": 1
                                                                                        }, 
                                                                                        {
                                                                                            "arg_type": 100022, 
                                                                                            "args_list": [
                                                                                                {
                                                                                                    "action_type": "ADD_ATTR", 
                                                                                                    "args_list": [
                                                                                                        {
                                                                                                            "arg_type": 100006, 
                                                                                                            "args_list": [
                                                                                                                {
                                                                                                                    "__tuple__": true, 
                                                                                                                    "items": [
                                                                                                                        "UNIT_ENTITY", 
                                                                                                                        "\u73a9\u5bb61\u5355\u4f4d\u6570\u7ec4"
                                                                                                                    ]
                                                                                                                }, 
                                                                                                                {
                                                                                                                    "arg_type": 100002, 
                                                                                                                    "args_list": [], 
                                                                                                                    "sub_type": "GET_LOOP_LIST_INDEX"
                                                                                                                }
                                                                                                            ], 
                                                                                                            "sub_type": 11
                                                                                                        }, 
                                                                                                        {
                                                                                                            "arg_type": 100300, 
                                                                                                            "args_list": [
                                                                                                                "ATTR_BASE"
                                                                                                            ], 
                                                                                                            "sub_type": 1
                                                                                                        }, 
                                                                                                        {
                                                                                                            "arg_type": 100042, 
                                                                                                            "args_list": [
                                                                                                                "defense_phy"
                                                                                                            ], 
                                                                                                            "sub_type": 1
                                                                                                        }, 
                                                                                                        {
                                                                                                            "arg_type": 100000, 
                                                                                                            "args_list": [
                                                                                                                10.0
                                                                                                            ], 
                                                                                                            "sub_type": 1
                                                                                                        }
                                                                                                    ], 
                                                                                                    "bp": false, 
                                                                                                    "element_id": 1336217601000348, 
                                                                                                    "enable": true
                                                                                                }
                                                                                            ], 
                                                                                            "sub_type": 1
                                                                                        }
                                                                                    ], 
                                                                                    "bp": false, 
                                                                                    "element_id": 1336217601000341, 
                                                                                    "enable": true
                                                                                }
                                                                            ], 
                                                                            "sub_type": 1
                                                                        }
                                                                    ], 
                                                                    "bp": false, 
                                                                    "element_id": 1336217601000216, 
                                                                    "enable": true
                                                                }, 
                                                                {
                                                                    "action_type": "CASE", 
                                                                    "args_list": [
                                                                        {
                                                                            "arg_type": 100002, 
                                                                            "args_list": [
                                                                                1
                                                                            ], 
                                                                            "sub_type": 1
                                                                        }, 
                                                                        {
                                                                            "arg_type": 100022, 
                                                                            "args_list": [
                                                                                {
                                                                                    "action_type": "LIST_LOOP", 
                                                                                    "args_list": [
                                                                                        {
                                                                                            "arg_type": 100081, 
                                                                                            "args_list": [
                                                                                                {
                                                                                                    "__tuple__": true, 
                                                                                                    "items": [
                                                                                                        "UNIT_ENTITY", 
                                                                                                        "\u73a9\u5bb62\u5355\u4f4d\u6570\u7ec4"
                                                                                                    ]
                                                                                                }
                                                                                            ], 
                                                                                            "sub_type": 1
                                                                                        }, 
                                                                                        {
                                                                                            "arg_type": 100022, 
                                                                                            "args_list": [
                                                                                                {
                                                                                                    "action_type": "ADD_ATTR", 
                                                                                                    "args_list": [
                                                                                                        {
                                                                                                            "arg_type": 100006, 
                                                                                                            "args_list": [
                                                                                                                {
                                                                                                                    "__tuple__": true, 
                                                                                                                    "items": [
                                                                                                                        "UNIT_ENTITY", 
                                                                                                                        "\u73a9\u5bb62\u5355\u4f4d\u6570\u7ec4"
                                                                                                                    ]
                                                                                                                }, 
                                                                                                                {
                                                                                                                    "arg_type": 100002, 
                                                                                                                    "args_list": [], 
                                                                                                                    "sub_type": "GET_LOOP_LIST_INDEX"
                                                                                                                }
                                                                                                            ], 
                                                                                                            "sub_type": 11
                                                                                                        }, 
                                                                                                        {
                                                                                                            "arg_type": 100300, 
                                                                                                            "args_list": [
                                                                                                                "ATTR_BASE"
                                                                                                            ], 
                                                                                                            "sub_type": 1
                                                                                                        }, 
                                                                                                        {
                                                                                                            "arg_type": 100042, 
                                                                                                            "args_list": [
                                                                                                                "defense_phy"
                                                                                                            ], 
                                                                                                            "sub_type": 1
                                                                                                        }, 
                                                                                                        {
                                                                                                            "arg_type": 100000, 
                                                                                                            "args_list": [
                                                                                                                10.0
                                                                                                            ], 
                                                                                                            "sub_type": 1
                                                                                                        }
                                                                                                    ], 
                                                                                                    "bp": false, 
                                                                                                    "element_id": 1336217601000373, 
                                                                                                    "enable": true
                                                                                                }
                                                                                            ], 
                                                                                            "sub_type": 1
                                                                                        }
                                                                                    ], 
                                                                                    "bp": false, 
                                                                                    "element_id": 1336217601000363, 
                                                                                    "enable": true
                                                                                }
                                                                            ], 
                                                                            "sub_type": 1
                                                                        }
                                                                    ], 
                                                                    "bp": false, 
                                                                    "element_id": 1336217601000250, 
                                                                    "enable": true
                                                                }, 
                                                                {
                                                                    "action_type": "CASE", 
                                                                    "args_list": [
                                                                        {
                                                                            "arg_type": 100002, 
                                                                            "args_list": [
                                                                                2
                                                                            ], 
                                                                            "sub_type": 1
                                                                        }, 
                                                                        {
                                                                            "arg_type": 100022, 
                                                                            "args_list": [
                                                                                {
                                                                                    "action_type": "LIST_LOOP", 
                                                                                    "args_list": [
                                                                                        {
                                                                                            "arg_type": 100081, 
                                                                                            "args_list": [
                                                                                                {
                                                                                                    "__tuple__": true, 
                                                                                                    "items": [
                                                                                                        "UNIT_ENTITY", 
                                                                                                        "\u73a9\u5bb63\u5355\u4f4d\u6570\u7ec4"
                                                                                                    ]
                                                                                                }
                                                                                            ], 
                                                                                            "sub_type": 1
                                                                                        }, 
                                                                                        {
                                                                                            "arg_type": 100022, 
                                                                                            "args_list": [
                                                                                                {
                                                                                                    "action_type": "ADD_ATTR", 
                                                                                                    "args_list": [
                                                                                                        {
                                                                                                            "arg_type": 100006, 
                                                                                                            "args_list": [
                                                                                                                {
                                                                                                                    "__tuple__": true, 
                                                                                                                    "items": [
                                                                                                                        "UNIT_ENTITY", 
                                                                                                                        "\u73a9\u5bb63\u5355\u4f4d\u6570\u7ec4"
                                                                                                                    ]
                                                                                                                }, 
                                                                                                                {
                                                                                                                    "arg_type": 100002, 
                                                                                                                    "args_list": [], 
                                                                                                                    "sub_type": "GET_LOOP_LIST_INDEX"
                                                                                                                }
                                                                                                            ], 
                                                                                                            "sub_type": 11
                                                                                                        }, 
                                                                                                        {
                                                                                                            "arg_type": 100300, 
                                                                                                            "args_list": [
                                                                                                                "ATTR_BASE"
                                                                                                            ], 
                                                                                                            "sub_type": 1
                                                                                                        }, 
                                                                                                        {
                                                                                                            "arg_type": 100042, 
                                                                                                            "args_list": [
                                                                                                                "defense_phy"
                                                                                                            ], 
                                                                                                            "sub_type": 1
                                                                                                        }, 
                                                                                                        {
                                                                                                            "arg_type": 100000, 
                                                                                                            "args_list": [
                                                                                                                10.0
                                                                                                            ], 
                                                                                                            "sub_type": 1
                                                                                                        }
                                                                                                    ], 
                                                                                                    "bp": false, 
                                                                                                    "element_id": 1336217601000393, 
                                                                                                    "enable": true
                                                                                                }
                                                                                            ], 
                                                                                            "sub_type": 1
                                                                                        }
                                                                                    ], 
                                                                                    "bp": false, 
                                                                                    "element_id": 1336217601000386, 
                                                                                    "enable": true
                                                                                }
                                                                            ], 
                                                                            "sub_type": 1
                                                                        }
                                                                    ], 
                                                                    "bp": false, 
                                                                    "element_id": 1336217601000263, 
                                                                    "enable": true
                                                                }, 
                                                                {
                                                                    "action_type": "CASE", 
                                                                    "args_list": [
                                                                        {
                                                                            "arg_type": 100002, 
                                                                            "args_list": [
                                                                                3
                                                                            ], 
                                                                            "sub_type": 1
                                                                        }, 
                                                                        {
                                                                            "arg_type": 100022, 
                                                                            "args_list": [
                                                                                {
                                                                                    "action_type": "LIST_LOOP", 
                                                                                    "args_list": [
                                                                                        {
                                                                                            "arg_type": 100081, 
                                                                                            "args_list": [
                                                                                                {
                                                                                                    "__tuple__": true, 
                                                                                                    "items": [
                                                                                                        "UNIT_ENTITY", 
                                                                                                        "\u73a9\u5bb64\u5355\u4f4d\u6570\u7ec4"
                                                                                                    ]
                                                                                                }
                                                                                            ], 
                                                                                            "sub_type": 1
                                                                                        }, 
                                                                                        {
                                                                                            "arg_type": 100022, 
                                                                                            "args_list": [
                                                                                                {
                                                                                                    "action_type": "ADD_ATTR", 
                                                                                                    "args_list": [
                                                                                                        {
                                                                                                            "arg_type": 100006, 
                                                                                                            "args_list": [
                                                                                                                {
                                                                                                                    "__tuple__": true, 
                                                                                                                    "items": [
                                                                                                                        "UNIT_ENTITY", 
                                                                                                                        "\u73a9\u5bb64\u5355\u4f4d\u6570\u7ec4"
                                                                                                                    ]
                                                                                                                }, 
                                                                                                                {
                                                                                                                    "arg_type": 100002, 
                                                                                                                    "args_list": [], 
                                                                                                                    "sub_type": "GET_LOOP_LIST_INDEX"
                                                                                                                }
                                                                                                            ], 
                                                                                                            "sub_type": 11
                                                                                                        }, 
                                                                                                        {
                                                                                                            "arg_type": 100300, 
                                                                                                            "args_list": [
                                                                                                                "ATTR_BASE"
                                                                                                            ], 
                                                                                                            "sub_type": 1
                                                                                                        }, 
                                                                                                        {
                                                                                                            "arg_type": 100042, 
                                                                                                            "args_list": [
                                                                                                                "defense_phy"
                                                                                                            ], 
                                                                                                            "sub_type": 1
                                                                                                        }, 
                                                                                                        {
                                                                                                            "arg_type": 100000, 
                                                                                                            "args_list": [
                                                                                                                10.0
                                                                                                            ], 
                                                                                                            "sub_type": 1
                                                                                                        }
                                                                                                    ], 
                                                                                                    "bp": false, 
                                                                                                    "element_id": 1336217601000413, 
                                                                                                    "enable": true
                                                                                                }
                                                                                            ], 
                                                                                            "sub_type": 1
                                                                                        }
                                                                                    ], 
                                                                                    "bp": false, 
                                                                                    "element_id": 1336217601000406, 
                                                                                    "enable": true
                                                                                }
                                                                            ], 
                                                                            "sub_type": 1
                                                                        }
                                                                    ], 
                                                                    "bp": false, 
                                                                    "element_id": 1336217601000276, 
                                                                    "enable": true
                                                                }
                                                            ], 
                                                            "sub_type": 1
                                                        }
                                                    ], 
                                                    "bp": false, 
                                                    "element_id": 1336217601000210, 
                                                    "enable": true
                                                }
                                            ], 
                                            "sub_type": 1
                                        }, 
                                        {
                                            "arg_type": 100022, 
                                            "args_list": [], 
                                            "sub_type": 1
                                        }
                                    ], 
                                    "bp": false, 
                                    "element_id": 1336217601000182, 
                                    "enable": true, 
                                    "fake_op": [
                                        2
                                    ]
                                }
                            ], 
                            "sub_type": 1
                        }
                    ], 
                    "bp": false, 
                    "element_id": 1336217601000175, 
                    "enable": true
                }
            ], 
            "call_enabled": true, 
            "condition": [], 
            "enabled": true, 
            "event": [
                {
                    "args_list": [], 
                    "element_id": 1336217601000001, 
                    "enable": true, 
                    "event_type": "ABILITY_OBTAIN"
                }
            ], 
            "group_id": 134273715, 
            "p_trigger_id": null, 
            "trigger_id": 1336217601, 
            "trigger_name": "\u83b7\u5f97\u8ba1\u8c0b", 
            "valid": true, 
            "var_data": [
                {
                    "FLOAT": {}, 
                    "INTEGER": {
                        "\u5168\u5355\u4f4d\u6570\u7ec4\u8ba1\u6570\u5668": 0, 
                        "\u5f53\u524d\u73a9\u5bb6ID": 0
                    }, 
                    "PLAYER": {
                        "\u73a9\u5bb6": 0
                    }, 
                    "TABLE": {
                        "\u73a9\u5bb6\u9635\u5bb9\u4fe1\u606f\u5bf9\u5e94\u8868": null
                    }, 
                    "UNIT_ENTITY": {
                        "\u5355\u4f4d\u6570\u7ec4": 0
                    }
                }, 
                {
                    "\u5168\u5355\u4f4d\u6570\u7ec4\u8ba1\u6570\u5668": 0, 
                    "\u5355\u4f4d\u6570\u7ec4": 10, 
                    "\u5f53\u524d\u73a9\u5bb6ID": 0, 
                    "\u73a9\u5bb6": 0, 
                    "\u73a9\u5bb6\u9635\u5bb9\u4fe1\u606f\u5bf9\u5e94\u8868": 0
                }, 
                [
                    "\u5f53\u524d\u73a9\u5bb6ID", 
                    "\u5168\u5355\u4f4d\u6570\u7ec4\u8ba1\u6570\u5668", 
                    "\u73a9\u5bb6", 
                    "\u73a9\u5bb6\u9635\u5bb9\u4fe1\u606f\u5bf9\u5e94\u8868", 
                    "\u5355\u4f4d\u6570\u7ec4"
                ]
            ]
        }, 
        "1387819010": {
            "action": [], 
            "call_enabled": true, 
            "condition": [], 
            "enabled": false, 
            "event": [], 
            "group_id": 134273715, 
            "p_trigger_id": null, 
            "trigger_id": 1387819010, 
            "trigger_name": "\u589e\u52a0\u5c5e\u6027", 
            "valid": true, 
            "var_data": [
                {}, 
                {}, 
                []
            ]
        }
    }, 
    "trigger_group_info": [
        {
            "_trigger_group_": true, 
            "group": [
                {
                    "__tuple__": true, 
                    "items": [
                        1336217601, 
                        "\u83b7\u5f97\u8ba1\u8c0b"
                    ]
                }, 
                {
                    "__tuple__": true, 
                    "items": [
                        1387819010, 
                        "\u589e\u52a0\u5c5e\u6027"
                    ]
                }
            ], 
            "key": 134273715, 
            "name": "134273715"
        }
    ], 
    "trigger_version": "1.2", 
    "variable_dict": {}, 
    "variable_group_info": [], 
    "variable_length_dict": {}
}