{
    "local_variable": {
        "1716535297": {
            "variable_dict": {
                "INTEGER": {
                    "\u5f53\u524d\u73a9\u5bb6ID": 0
                }
            }, 
            "variable_length_dict": {
                "\u5f53\u524d\u73a9\u5bb6ID": 0
            }
        }
    }, 
    "trigger_dict": {
        "1716535297": {
            "action": [
                {
                    "action_type": "SET_VARIABLE", 
                    "args_list": [
                        {
                            "arg_type": 100030, 
                            "args_list": [
                                {
                                    "__tuple__": true, 
                                    "items": [
                                        "INTEGER", 
                                        "\u5f53\u524d\u73a9\u5bb6ID", 
                                        "local"
                                    ]
                                }
                            ], 
                            "sub_type": 1
                        }, 
                        {
                            "arg_type": 100002, 
                            "args_list": [
                                {
                                    "arg_type": 100025, 
                                    "args_list": [
                                        {
                                            "arg_type": 100006, 
                                            "args_list": [], 
                                            "sub_type": "ABILITY_OWNER"
                                        }
                                    ], 
                                    "sub_type": "OWNER_PLAYER"
                                }
                            ], 
                            "sub_type": "PLAYER_ID_NUMBER"
                        }
                    ], 
                    "bp": false, 
                    "element_id": 1716535297000003, 
                    "enable": true
                }
            ], 
            "call_enabled": true, 
            "condition": [], 
            "enabled": true, 
            "event": [
                {
                    "args_list": [], 
                    "element_id": 1716535297000001, 
                    "enable": true, 
                    "event_type": "ABILITY_OBTAIN"
                }
            ], 
            "group_id": 134233787, 
            "p_trigger_id": null, 
            "trigger_id": 1716535297, 
            "trigger_name": "\u65b0\u5efa\u89e6\u53d1\u5668", 
            "valid": true, 
            "var_data": [
                {
                    "INTEGER": {
                        "\u5f53\u524d\u73a9\u5bb6ID": 0
                    }
                }, 
                {
                    "\u5f53\u524d\u73a9\u5bb6ID": 0
                }, 
                [
                    "\u5f53\u524d\u73a9\u5bb6ID"
                ]
            ]
        }
    }, 
    "trigger_group_info": [
        {
            "_trigger_group_": true, 
            "group": [
                {
                    "__tuple__": true, 
                    "items": [
                        1716535297, 
                        "\u65b0\u5efa\u89e6\u53d1\u5668"
                    ]
                }
            ], 
            "key": 134233787, 
            "name": "134233787"
        }
    ], 
    "trigger_version": "1.2", 
    "variable_dict": {}, 
    "variable_group_info": [], 
    "variable_length_dict": {}
}