{
    "local_variable": {
        "689561602": {
            "variable_dict": {}, 
            "variable_length_dict": {}
        }, 
        "907563009": {
            "variable_dict": {
                "ANGLE": {
                    "\u8d77\u59cb\u89d2\u5ea6": 0.0
                }, 
                "FLOAT": {
                    "\u504f\u79fb\u8ddd\u79bb": 0.0
                }, 
                "POINT": {
                    "\u8d77\u59cb\u4f4d\u7f6e": {
                        "__tuple__": true, 
                        "items": [
                            0, 
                            0, 
                            0
                        ]
                    }
                }
            }, 
            "variable_length_dict": {
                "\u504f\u79fb\u8ddd\u79bb": 0, 
                "\u8d77\u59cb\u4f4d\u7f6e": 0, 
                "\u8d77\u59cb\u89d2\u5ea6": 0
            }
        }
    }, 
    "trigger_dict": {
        "689561602": {
            "action": [], 
            "call_enabled": true, 
            "condition": [], 
            "enabled": true, 
            "event": [], 
            "group_id": 134270044, 
            "p_trigger_id": null, 
            "trigger_id": 689561602, 
            "trigger_name": "\u65b0\u5efa\u89e6\u53d1\u5668", 
            "valid": true, 
            "var_data": [
                {}, 
                {}, 
                []
            ]
        }, 
        "907563009": {
            "action": [
                {
                    "action_type": "SET_VARIABLE", 
                    "args_list": [
                        {
                            "arg_type": 100030, 
                            "args_list": [
                                [
                                    "FLOAT", 
                                    "\u504f\u79fb\u8ddd\u79bb", 
                                    "local"
                                ]
                            ], 
                            "sub_type": 1
                        }, 
                        {
                            "arg_type": 100000, 
                            "args_list": [
                                0.0
                            ], 
                            "sub_type": 1
                        }
                    ], 
                    "bp": false, 
                    "element_id": 1907503106002468, 
                    "enable": true
                }, 
                {
                    "action_type": "SET_VARIABLE", 
                    "args_list": [
                        {
                            "arg_type": 100030, 
                            "args_list": [
                                {
                                    "__tuple__": true, 
                                    "items": [
                                        "FLOAT", 
                                        "\u5f39\u9053\u901f\u5ea6", 
                                        "actor"
                                    ]
                                }
                            ], 
                            "sub_type": 1
                        }, 
                        {
                            "arg_type": 100000, 
                            "args_list": [
                                1000.0
                            ], 
                            "sub_type": 1
                        }
                    ], 
                    "bp": false, 
                    "element_id": 1439666179000048, 
                    "enable": true
                }, 
                {
                    "action_type": "SET_VARIABLE", 
                    "args_list": [
                        {
                            "arg_type": 100030, 
                            "args_list": [
                                [
                                    "FLOAT", 
                                    "\u5f39\u836f\u4f24\u5bb3\u8303\u56f4", 
                                    "actor"
                                ]
                            ], 
                            "sub_type": 1
                        }, 
                        {
                            "arg_type": 100000, 
                            "args_list": [
                                0.5
                            ], 
                            "sub_type": 1
                        }
                    ], 
                    "bp": false, 
                    "element_id": 1439666179000098, 
                    "enable": true
                }, 
                {
                    "action_type": "SET_VARIABLE", 
                    "args_list": [
                        {
                            "arg_type": 100030, 
                            "args_list": [
                                {
                                    "__tuple__": true, 
                                    "items": [
                                        "FLOAT", 
                                        "\u57fa\u7840\u5f39\u836f\u4f24\u5bb3\u8303\u56f4", 
                                        "actor"
                                    ]
                                }
                            ], 
                            "sub_type": 1
                        }, 
                        {
                            "arg_type": 100000, 
                            "args_list": [
                                10.0
                            ], 
                            "sub_type": 1
                        }
                    ], 
                    "bp": false, 
                    "element_id": 1439666179000013, 
                    "enable": true
                }, 
                {
                    "action_type": "SET_VARIABLE", 
                    "args_list": [
                        {
                            "arg_type": 100030, 
                            "args_list": [
                                [
                                    "PROJECTILE", 
                                    "\u5f39\u836f\u7c7b\u578b", 
                                    "actor"
                                ]
                            ], 
                            "sub_type": 1
                        }, 
                        {
                            "arg_type": 100062, 
                            "args_list": [
                                134272169
                            ], 
                            "sub_type": 1
                        }
                    ], 
                    "bp": false, 
                    "element_id": 714330116000176, 
                    "enable": true
                }, 
                {
                    "action_type": "SET_VARIABLE", 
                    "args_list": [
                        {
                            "arg_type": 100030, 
                            "args_list": [
                                {
                                    "__tuple__": true, 
                                    "items": [
                                        "FLOAT", 
                                        "\u5c04\u7a0b", 
                                        "actor"
                                    ]
                                }
                            ], 
                            "sub_type": 1
                        }, 
                        {
                            "arg_type": 100000, 
                            "args_list": [
                                4000.0
                            ], 
                            "sub_type": 1
                        }
                    ], 
                    "bp": false, 
                    "element_id": 907563009210051, 
                    "enable": true
                }, 
                {
                    "action_type": "PLAY_ANIMATION", 
                    "args_list": [
                        {
                            "arg_type": 100006, 
                            "args_list": [], 
                            "sub_type": "ABILITY_OWNER"
                        }, 
                        {
                            "arg_type": 100003, 
                            "args_list": [
                                {
                                    "arg_type": 100006, 
                                    "args_list": [], 
                                    "sub_type": "ABILITY_OWNER"
                                }, 
                                {
                                    "arg_type": 100003, 
                                    "args_list": [
                                        "\u666e\u653b"
                                    ], 
                                    "sub_type": 1
                                }
                            ], 
                            "sub_type": "GET_STRING_KV"
                        }, 
                        {
                            "arg_type": 100000, 
                            "args_list": [
                                1.0
                            ], 
                            "sub_type": 1
                        }, 
                        {
                            "arg_type": 100000, 
                            "args_list": [
                                0
                            ], 
                            "sub_type": 1
                        }, 
                        {
                            "arg_type": 100000, 
                            "args_list": [
                                -0.01
                            ], 
                            "sub_type": 1
                        }, 
                        {
                            "arg_type": 100001, 
                            "args_list": [
                                false
                            ], 
                            "sub_type": 1
                        }, 
                        {
                            "arg_type": 100001, 
                            "args_list": [
                                true
                            ], 
                            "sub_type": 1
                        }
                    ], 
                    "bp": false, 
                    "element_id": 13284147210009, 
                    "enable": true
                }, 
                {
                    "action_type": "RUN_ONCE_TIMER_NO_SAVE", 
                    "args_list": [
                        {
                            "arg_type": 100000, 
                            "args_list": [
                                0.4
                            ], 
                            "sub_type": 1
                        }, 
                        {
                            "arg_type": 100022, 
                            "args_list": [
                                {
                                    "action_type": "SET_VARIABLE", 
                                    "args_list": [
                                        {
                                            "arg_type": 100030, 
                                            "args_list": [
                                                {
                                                    "__tuple__": true, 
                                                    "items": [
                                                        "POINT", 
                                                        "\u8d77\u59cb\u4f4d\u7f6e", 
                                                        "local"
                                                    ]
                                                }
                                            ], 
                                            "sub_type": 1
                                        }, 
                                        {
                                            "arg_type": 100004, 
                                            "args_list": [
                                                {
                                                    "arg_type": 100006, 
                                                    "args_list": [], 
                                                    "sub_type": "GET_UNIT_FROM_EVENT"
                                                }
                                            ], 
                                            "sub_type": "UNIT_ENTITY_POINT"
                                        }
                                    ], 
                                    "bp": false, 
                                    "element_id": 907563009210085, 
                                    "enable": true
                                }, 
                                {
                                    "action_type": "SET_VARIABLE", 
                                    "args_list": [
                                        {
                                            "arg_type": 100030, 
                                            "args_list": [
                                                {
                                                    "__tuple__": true, 
                                                    "items": [
                                                        "ANGLE", 
                                                        "\u8d77\u59cb\u89d2\u5ea6", 
                                                        "local"
                                                    ]
                                                }
                                            ], 
                                            "sub_type": 1
                                        }, 
                                        {
                                            "arg_type": 100225, 
                                            "args_list": [
                                                {
                                                    "arg_type": 100006, 
                                                    "args_list": [], 
                                                    "sub_type": "GET_UNIT_FROM_EVENT"
                                                }
                                            ], 
                                            "sub_type": "UNIT_FACE_ANGLE"
                                        }
                                    ], 
                                    "bp": false, 
                                    "element_id": 907563009210086, 
                                    "enable": true
                                }, 
                                {
                                    "action_type": "CALL_TRIGGER_FUNC", 
                                    "args_list": [
                                        {
                                            "arg_type": 100177, 
                                            "args_list": [
                                                {
                                                    "arg_type": 100062, 
                                                    "args_list": [
                                                        {
                                                            "__tuple__": true, 
                                                            "items": [
                                                                "PROJECTILE", 
                                                                "\u5f39\u836f\u7c7b\u578b", 
                                                                "actor"
                                                            ]
                                                        }
                                                    ], 
                                                    "sub_type": "VARIABLE"
                                                }, 
                                                {
                                                    "arg_type": 100004, 
                                                    "args_list": [
                                                        {
                                                            "arg_type": 100004, 
                                                            "args_list": [
                                                                [
                                                                    "POINT", 
                                                                    "\u8d77\u59cb\u4f4d\u7f6e", 
                                                                    "local"
                                                                ]
                                                            ], 
                                                            "sub_type": 19
                                                        }, 
                                                        {
                                                            "arg_type": 100225, 
                                                            "args_list": [
                                                                [
                                                                    "ANGLE", 
                                                                    "\u8d77\u59cb\u89d2\u5ea6", 
                                                                    "local"
                                                                ]
                                                            ], 
                                                            "sub_type": 2
                                                        }, 
                                                        {
                                                            "arg_type": 100000, 
                                                            "args_list": [
                                                                {
                                                                    "__tuple__": true, 
                                                                    "items": [
                                                                        "FLOAT", 
                                                                        "\u504f\u79fb\u8ddd\u79bb", 
                                                                        "local"
                                                                    ]
                                                                }
                                                            ], 
                                                            "sub_type": 2
                                                        }
                                                    ], 
                                                    "sub_type": "POINT_OFFSET_VECTOR_POINT"
                                                }, 
                                                {
                                                    "arg_type": 100006, 
                                                    "args_list": [], 
                                                    "sub_type": "GET_UNIT_FROM_EVENT"
                                                }, 
                                                {
                                                    "arg_type": 100000, 
                                                    "args_list": [
                                                        100.0
                                                    ], 
                                                    "sub_type": 1
                                                }, 
                                                {
                                                    "arg_type": 100000, 
                                                    "args_list": [
                                                        {
                                                            "__tuple__": true, 
                                                            "items": [
                                                                "FLOAT", 
                                                                "\u5f39\u836f\u4f24\u5bb3\u8303\u56f4", 
                                                                "actor"
                                                            ]
                                                        }
                                                    ], 
                                                    "sub_type": 2
                                                }, 
                                                {
                                                    "arg_type": 100000, 
                                                    "args_list": [
                                                        {
                                                            "arg_type": 100014, 
                                                            "args_list": [], 
                                                            "sub_type": "CUR_ABILITY"
                                                        }, 
                                                        {
                                                            "arg_type": 100078, 
                                                            "args_list": [
                                                                "ability_damage"
                                                            ], 
                                                            "sub_type": 1
                                                        }
                                                    ], 
                                                    "sub_type": "GET_ABILITY_FLOAT_ATTR"
                                                }, 
                                                {
                                                    "arg_type": 100000, 
                                                    "args_list": [
                                                        {
                                                            "__tuple__": true, 
                                                            "items": [
                                                                "FLOAT", 
                                                                "\u5c04\u7a0b", 
                                                                "actor"
                                                            ]
                                                        }
                                                    ], 
                                                    "sub_type": 2
                                                }, 
                                                {
                                                    "arg_type": 100000, 
                                                    "args_list": [
                                                        {
                                                            "__tuple__": true, 
                                                            "items": [
                                                                "FLOAT", 
                                                                "\u5f39\u9053\u901f\u5ea6", 
                                                                "actor"
                                                            ]
                                                        }
                                                    ], 
                                                    "sub_type": 2
                                                }, 
                                                {
                                                    "arg_type": 100225, 
                                                    "args_list": [
                                                        [
                                                            "ANGLE", 
                                                            "\u8d77\u59cb\u89d2\u5ea6", 
                                                            "local"
                                                        ]
                                                    ], 
                                                    "sub_type": 2
                                                }, 
                                                {
                                                    "arg_type": 100000, 
                                                    "args_list": [
                                                        {
                                                            "__tuple__": true, 
                                                            "items": [
                                                                "FLOAT", 
                                                                "\u5f39\u836f\u4f24\u5bb3\u8303\u56f4", 
                                                                "actor"
                                                            ]
                                                        }
                                                    ], 
                                                    "sub_type": 2
                                                }, 
                                                {
                                                    "arg_type": 100014, 
                                                    "args_list": [], 
                                                    "sub_type": "CUR_ABILITY"
                                                }
                                            ], 
                                            "op_arg": [], 
                                            "op_arg_enable": [], 
                                            "sub_type": "089ea2306e5a11eea52630d042e90e85"
                                        }
                                    ], 
                                    "bp": false, 
                                    "call_rt_arg_idxes": [], 
                                    "element_id": 907563009210087, 
                                    "enable": true
                                }
                            ], 
                            "sub_type": 1
                        }
                    ], 
                    "bp": false, 
                    "element_id": 907563009210065, 
                    "enable": true, 
                    "local_var": {
                        "__tuple__": true, 
                        "items": [
                            {}, 
                            {}
                        ]
                    }
                }
            ], 
            "call_enabled": true, 
            "condition": [], 
            "enabled": true, 
            "event": [
                {
                    "args_list": [], 
                    "element_id": 907563009000002, 
                    "enable": true, 
                    "event_type": "ABILITY_PS_START"
                }
            ], 
            "group_id": 134270044, 
            "p_trigger_id": null, 
            "trigger_id": 907563009, 
            "trigger_name": "\u65bd\u6cd5\u52a8\u4f5c", 
            "valid": true, 
            "var_data": [
                {
                    "ANGLE": {
                        "\u8d77\u59cb\u89d2\u5ea6": 0.0
                    }, 
                    "FLOAT": {
                        "\u504f\u79fb\u8ddd\u79bb": 0.0
                    }, 
                    "POINT": {
                        "\u8d77\u59cb\u4f4d\u7f6e": {
                            "__tuple__": true, 
                            "items": [
                                0, 
                                0, 
                                0
                            ]
                        }
                    }
                }, 
                {
                    "\u504f\u79fb\u8ddd\u79bb": 0, 
                    "\u8d77\u59cb\u4f4d\u7f6e": 0, 
                    "\u8d77\u59cb\u89d2\u5ea6": 0
                }, 
                [
                    "\u8d77\u59cb\u4f4d\u7f6e", 
                    "\u8d77\u59cb\u89d2\u5ea6", 
                    "\u504f\u79fb\u8ddd\u79bb"
                ]
            ]
        }
    }, 
    "trigger_group_info": [
        {
            "_trigger_group_": true, 
            "group": [
                {
                    "__tuple__": true, 
                    "items": [
                        907563009, 
                        "\u65bd\u6cd5\u52a8\u4f5c"
                    ]
                }, 
                {
                    "__tuple__": true, 
                    "items": [
                        689561602, 
                        "\u65b0\u5efa\u89e6\u53d1\u5668"
                    ]
                }
            ], 
            "key": 134270044, 
            "name": "134270044"
        }
    ], 
    "trigger_version": "1.2", 
    "variable_dict": {
        "FLOAT": {
            "\u57fa\u7840\u5f39\u836f\u4f24\u5bb3\u8303\u56f4": 0.0, 
            "\u5c04\u7a0b": 0.0, 
            "\u5f39\u836f\u4f24\u5bb3\u8303\u56f4": 1.0, 
            "\u5f39\u9053\u901f\u5ea6": 0.0
        }, 
        "INTEGER": {
            "\u5f39\u9053\u6570\u91cf": 0
        }, 
        "PROJECTILE": {
            "\u5f39\u836f\u7c7b\u578b": 0
        }
    }, 
    "variable_group_info": [
        {
            "__tuple__": true, 
            "items": [
                "\u57fa\u7840\u5f39\u836f\u4f24\u5bb3\u8303\u56f4", 
                "\u57fa\u7840\u5f39\u836f\u4f24\u5bb3\u8303\u56f4"
            ]
        }, 
        {
            "__tuple__": true, 
            "items": [
                "\u5f39\u836f\u7c7b\u578b", 
                "\u5f39\u836f\u7c7b\u578b"
            ]
        }, 
        {
            "__tuple__": true, 
            "items": [
                "\u5f39\u9053\u901f\u5ea6", 
                "\u5f39\u9053\u901f\u5ea6"
            ]
        }, 
        {
            "__tuple__": true, 
            "items": [
                "\u5f39\u836f\u4f24\u5bb3\u8303\u56f4", 
                "\u5f39\u836f\u4f24\u5bb3\u8303\u56f4"
            ]
        }, 
        {
            "__tuple__": true, 
            "items": [
                "\u5f39\u9053\u6570\u91cf", 
                "\u5f39\u9053\u6570\u91cf"
            ]
        }, 
        {
            "__tuple__": true, 
            "items": [
                "\u5c04\u7a0b", 
                "\u5c04\u7a0b"
            ]
        }
    ], 
    "variable_length_dict": {
        "\u57fa\u7840\u5f39\u836f\u4f24\u5bb3\u8303\u56f4": 0, 
        "\u5c04\u7a0b": 0, 
        "\u5f39\u836f\u4f24\u5bb3\u8303\u56f4": 0, 
        "\u5f39\u836f\u7c7b\u578b": 0, 
        "\u5f39\u9053\u6570\u91cf": 0, 
        "\u5f39\u9053\u901f\u5ea6": 0
    }
}