{
    "local_variable": {
        "679555074": {
            "variable_dict": {}, 
            "variable_length_dict": {}
        }, 
        "925941762": {
            "variable_dict": {}, 
            "variable_length_dict": {}
        }
    }, 
    "trigger_dict": {
        "679555074": {
            "action": [
                {
                    "action_type": "PLAY_ANIMATION", 
                    "args_list": [
                        {
                            "arg_type": 100006, 
                            "args_list": [], 
                            "sub_type": "ABILITY_OWNER"
                        }, 
                        {
                            "arg_type": 100003, 
                            "args_list": [
                                {
                                    "arg_type": 100006, 
                                    "args_list": [], 
                                    "sub_type": "ABILITY_OWNER"
                                }, 
                                {
                                    "arg_type": 100003, 
                                    "args_list": [
                                        "\u666e\u653b"
                                    ], 
                                    "sub_type": 1
                                }
                            ], 
                            "sub_type": "GET_STRING_KV"
                        }, 
                        {
                            "arg_type": 100000, 
                            "args_list": [
                                2.0
                            ], 
                            "sub_type": 1
                        }, 
                        {
                            "arg_type": 100000, 
                            "args_list": [
                                0
                            ], 
                            "sub_type": 1
                        }, 
                        {
                            "arg_type": 100000, 
                            "args_list": [
                                -0.01
                            ], 
                            "sub_type": 1
                        }, 
                        {
                            "arg_type": 100001, 
                            "args_list": [
                                false
                            ], 
                            "sub_type": 1
                        }, 
                        {
                            "arg_type": 100001, 
                            "args_list": [
                                true
                            ], 
                            "sub_type": 1
                        }
                    ], 
                    "bp": false, 
                    "element_id": 13284147210009, 
                    "enable": true
                }
            ], 
            "call_enabled": true, 
            "condition": [], 
            "enabled": true, 
            "event": [
                {
                    "args_list": [], 
                    "element_id": 679555074000003, 
                    "enable": true, 
                    "event_type": "ABILITY_PS_START"
                }
            ], 
            "group_id": 134239139, 
            "p_trigger_id": null, 
            "trigger_id": 679555074, 
            "trigger_name": "\u65b0\u5efa\u89e6\u53d1\u5668", 
            "valid": true, 
            "var_data": [
                {}, 
                {}, 
                []
            ]
        }, 
        "925941762": {
            "action": [
                {
                    "action_type": "APPLY_DAMAGE", 
                    "args_list": [
                        {
                            "arg_type": 100006, 
                            "args_list": [], 
                            "sub_type": "ABILITY_OWNER"
                        }, 
                        {
                            "arg_type": 100014, 
                            "args_list": [], 
                            "sub_type": "CUR_ABILITY"
                        }, 
                        {
                            "arg_type": 100006, 
                            "args_list": [
                                {
                                    "arg_type": 100014, 
                                    "args_list": [], 
                                    "sub_type": "CUR_ABILITY"
                                }
                            ], 
                            "sub_type": "TARGET_UNIT_IN_ABILITY"
                        }, 
                        {
                            "arg_type": 100064, 
                            "args_list": [
                                0
                            ], 
                            "sub_type": 1
                        }, 
                        {
                            "arg_type": 100000, 
                            "args_list": [
                                {
                                    "arg_type": 100014, 
                                    "args_list": [], 
                                    "sub_type": "CUR_ABILITY"
                                }, 
                                {
                                    "arg_type": 100078, 
                                    "args_list": [
                                        "ability_damage"
                                    ], 
                                    "sub_type": 1
                                }
                            ], 
                            "sub_type": "GET_ABILITY_FLOAT_ATTR"
                        }, 
                        {
                            "arg_type": 100001, 
                            "args_list": [
                                true
                            ], 
                            "sub_type": 1
                        }
                    ], 
                    "bp": false, 
                    "element_id": 925941762620011, 
                    "enable": true, 
                    "op_arg": [
                        {
                            "arg_type": 100001, 
                            "args_list": [
                                true
                            ], 
                            "sub_type": 1
                        }, 
                        {
                            "arg_type": 100001, 
                            "args_list": [
                                true
                            ], 
                            "sub_type": 1
                        }, 
                        {
                            "arg_type": 100001, 
                            "args_list": [
                                true
                            ], 
                            "sub_type": 1
                        }, 
                        null, 
                        null, 
                        null, 
                        null, 
                        null, 
                        null
                    ], 
                    "op_arg_enable": [
                        false, 
                        false, 
                        false, 
                        false, 
                        false, 
                        false, 
                        false, 
                        false, 
                        false
                    ]
                }
            ], 
            "call_enabled": true, 
            "condition": [], 
            "enabled": false, 
            "event": [
                {
                    "args_list": [], 
                    "element_id": 9259417620001, 
                    "enable": true, 
                    "event_type": "ABILITY_CST_END"
                }
            ], 
            "group_id": 134239139, 
            "p_trigger_id": null, 
            "trigger_id": 925941762, 
            "trigger_name": "AbilityPercastStarts", 
            "valid": true, 
            "var_data": [
                {}, 
                {}, 
                []
            ]
        }
    }, 
    "trigger_group_info": [
        {
            "_trigger_group_": true, 
            "group": [
                {
                    "__tuple__": true, 
                    "items": [
                        679555074, 
                        "\u65b0\u5efa\u89e6\u53d1\u5668"
                    ]
                }, 
                {
                    "__tuple__": true, 
                    "items": [
                        925941762, 
                        "AbilityPercastStarts"
                    ]
                }
            ], 
            "key": 134239139, 
            "name": "134239139"
        }
    ], 
    "trigger_version": "1.2", 
    "variable_dict": {
        "BOOLEAN": {
            "\u66b4\u51fb": false
        }, 
        "FLOAT": {
            "\u52a8\u4f5c\u901f\u7387": 0.0, 
            "\u653b\u901f\u6bd4\u503c": 0.0
        }, 
        "INTEGER": {
            "i": 0, 
            "j": 0
        }, 
        "NEW_TIMER": {}, 
        "STRING": {
            "\u666e\u653b\u52a8\u4f5c": ""
        }
    }, 
    "variable_group_info": [
        {
            "__tuple__": true, 
            "items": [
                "\u653b\u901f\u6bd4\u503c", 
                "\u653b\u901f\u6bd4\u503c"
            ]
        }, 
        {
            "__tuple__": true, 
            "items": [
                "\u666e\u653b\u52a8\u4f5c", 
                "\u666e\u653b\u52a8\u4f5c"
            ]
        }, 
        {
            "__tuple__": true, 
            "items": [
                "\u52a8\u4f5c\u901f\u7387", 
                "\u52a8\u4f5c\u901f\u7387"
            ]
        }, 
        {
            "__tuple__": true, 
            "items": [
                "j", 
                "j"
            ]
        }, 
        {
            "__tuple__": true, 
            "items": [
                "i", 
                "i"
            ]
        }, 
        {
            "__tuple__": true, 
            "items": [
                "\u66b4\u51fb", 
                "\u66b4\u51fb"
            ]
        }
    ], 
    "variable_length_dict": {
        "i": 0, 
        "j": 0, 
        "\u52a8\u4f5c\u901f\u7387": 0, 
        "\u653b\u901f\u6bd4\u503c": 0, 
        "\u666e\u653b\u52a8\u4f5c": 0, 
        "\u66b4\u51fb": 0
    }
}