{
    "local_variable": {
        "76247042": {
            "variable_dict": {}, 
            "variable_length_dict": {}
        }, 
        "236101633": {
            "variable_dict": {}, 
            "variable_length_dict": {}
        }, 
        "1686614020": {
            "variable_dict": {}, 
            "variable_length_dict": {}
        }, 
        "2022281221": {
            "variable_dict": {}, 
            "variable_length_dict": {}
        }, 
        "2046812163": {
            "variable_dict": {
                "NEW_TIMER": {
                    "\u6cbb\u7597\u8303\u56f4\u68c0\u6d4b\u5668": -1
                }, 
                "POINT": {
                    "\u6280\u80fd\u62e5\u6709\u8005\u4f4d\u7f6e": {
                        "__tuple__": true, 
                        "items": [
                            0, 
                            0, 
                            0
                        ]
                    }
                }, 
                "ROUND_AREA": {
                    "\u8303\u56f4": 0
                }
            }, 
            "variable_length_dict": {
                "\u6280\u80fd\u62e5\u6709\u8005\u4f4d\u7f6e": 0, 
                "\u6cbb\u7597\u8303\u56f4\u68c0\u6d4b\u5668": 0, 
                "\u8303\u56f4": 0
            }
        }
    }, 
    "trigger_dict": {
        "76247042": {
            "action": [
                {
                    "action_type": "PRINT_MESSAGE_ACTION_TO_DIALOG", 
                    "args_list": [
                        {
                            "arg_type": 100175, 
                            "args_list": [
                                3
                            ], 
                            "sub_type": 1
                        }, 
                        {
                            "arg_type": 100003, 
                            "args_list": [
                                {
                                    "arg_type": 100003, 
                                    "args_list": [
                                        "\u5c0f\u4e54\u4e13\u6b66\u7b49\u7ea7\u53d8\u5316"
                                    ], 
                                    "sub_type": 1
                                }, 
                                {
                                    "arg_type": 100003, 
                                    "args_list": [
                                        {
                                            "arg_type": 100002, 
                                            "args_list": [
                                                {
                                                    "arg_type": 100014, 
                                                    "args_list": [], 
                                                    "sub_type": "CUR_ABILITY"
                                                }, 
                                                {
                                                    "arg_type": 100079, 
                                                    "args_list": [
                                                        "ability_level"
                                                    ], 
                                                    "sub_type": 1
                                                }
                                            ], 
                                            "sub_type": "GET_ABILITY_INT_ATTR"
                                        }
                                    ], 
                                    "sub_type": "ANY_VAR_TO_STR"
                                }
                            ], 
                            "op_arg": [
                                null, 
                                null, 
                                null, 
                                null, 
                                null, 
                                null, 
                                null, 
                                null
                            ], 
                            "op_arg_enable": [
                                false, 
                                false, 
                                false, 
                                false, 
                                false, 
                                false, 
                                false, 
                                false
                            ], 
                            "sub_type": "STR_JOIN"
                        }
                    ], 
                    "bp": false, 
                    "element_id": 76247042000005, 
                    "enable": true
                }, 
                {
                    "action_type": "SET_ABILITY_FLOAT_ATTR", 
                    "args_list": [
                        {
                            "arg_type": 100014, 
                            "args_list": [], 
                            "sub_type": "CUR_ABILITY"
                        }, 
                        {
                            "arg_type": 100078, 
                            "args_list": [
                                "cold_down_time"
                            ], 
                            "sub_type": 1
                        }, 
                        {
                            "arg_type": 100000, 
                            "args_list": [
                                {
                                    "arg_type": 100000, 
                                    "args_list": [
                                        {
                                            "arg_type": 100014, 
                                            "args_list": [], 
                                            "sub_type": "CUR_ABILITY"
                                        }, 
                                        {
                                            "arg_type": 100078, 
                                            "args_list": [
                                                "cold_down_time"
                                            ], 
                                            "sub_type": 1
                                        }
                                    ], 
                                    "sub_type": "GET_ABILITY_FLOAT_ATTR"
                                }, 
                                {
                                    "arg_type": 100017, 
                                    "args_list": [
                                        "-"
                                    ], 
                                    "sub_type": 1
                                }, 
                                {
                                    "arg_type": 100000, 
                                    "args_list": [
                                        0.5
                                    ], 
                                    "sub_type": 1
                                }
                            ], 
                            "sub_type": "ARITHMETIC_OPERATION"
                        }
                    ], 
                    "bp": false, 
                    "element_id": 76247042000025, 
                    "enable": true
                }
            ], 
            "call_enabled": true, 
            "condition": [], 
            "enabled": true, 
            "event": [
                {
                    "args_list": [], 
                    "element_id": 76247042000002, 
                    "enable": true, 
                    "event_type": "ABILITY_LEVEL_CHANGED"
                }
            ], 
            "group_id": 134236837, 
            "p_trigger_id": null, 
            "trigger_id": 76247042, 
            "trigger_name": "\u6280\u80fd\u7b49\u7ea7\u53d8\u5316", 
            "valid": true, 
            "var_data": [
                {}, 
                {}, 
                []
            ]
        }, 
        "236101633": {
            "action": [
                {
                    "action_type": "SET_VARIABLE", 
                    "args_list": [
                        {
                            "arg_type": 100030, 
                            "args_list": [
                                {
                                    "__tuple__": true, 
                                    "items": [
                                        "FLOAT", 
                                        "\u6280\u80fd\u5f71\u54cd\u8303\u56f4", 
                                        "actor"
                                    ]
                                }
                            ], 
                            "sub_type": 1
                        }, 
                        {
                            "arg_type": 100000, 
                            "args_list": [
                                500.0
                            ], 
                            "sub_type": 1
                        }
                    ], 
                    "bp": false, 
                    "element_id": 236101633000011, 
                    "enable": true
                }
            ], 
            "call_enabled": true, 
            "condition": [], 
            "enabled": true, 
            "event": [
                {
                    "args_list": [], 
                    "element_id": 236101633000001, 
                    "enable": true, 
                    "event_type": "ABILITY_OBTAIN"
                }
            ], 
            "group_id": 134236837, 
            "p_trigger_id": null, 
            "trigger_id": 236101633, 
            "trigger_name": "\u83b7\u5f97\u6280\u80fd", 
            "valid": true, 
            "var_data": [
                {}, 
                {}, 
                []
            ]
        }, 
        "1686614020": {
            "action": [
                {
                    "action_type": "PRINT_MESSAGE_ACTION_TO_DIALOG", 
                    "args_list": [
                        {
                            "arg_type": 100175, 
                            "args_list": [
                                3
                            ], 
                            "sub_type": 1
                        }, 
                        {
                            "arg_type": 100003, 
                            "args_list": [
                                "\u65bd\u6cd5\u505c\u6b62"
                            ], 
                            "sub_type": 1
                        }
                    ], 
                    "bp": false, 
                    "element_id": 1686614020000005, 
                    "enable": true
                }
            ], 
            "call_enabled": true, 
            "condition": [], 
            "enabled": true, 
            "event": [
                {
                    "args_list": [], 
                    "element_id": 1686614020000002, 
                    "enable": true, 
                    "event_type": "ABILITY_END"
                }
            ], 
            "group_id": 134236837, 
            "p_trigger_id": null, 
            "trigger_id": 1686614020, 
            "trigger_name": "\u65bd\u6cd5\u7ed3\u675f", 
            "valid": true, 
            "var_data": [
                {}, 
                {}, 
                []
            ]
        }, 
        "2022281221": {
            "action": [
                {
                    "action_type": "RUN_ONCE_TIMER_NO_SAVE", 
                    "args_list": [
                        {
                            "arg_type": 100000, 
                            "args_list": [
                                0.1
                            ], 
                            "sub_type": 1
                        }, 
                        {
                            "arg_type": 100022, 
                            "args_list": [
                                {
                                    "action_type": "UNIT_RELEASE_COMMAND", 
                                    "args_list": [
                                        {
                                            "arg_type": 100006, 
                                            "args_list": [], 
                                            "sub_type": "ABILITY_OWNER"
                                        }, 
                                        {
                                            "arg_type": 100216, 
                                            "args_list": [
                                                {
                                                    "arg_type": 100014, 
                                                    "args_list": [], 
                                                    "sub_type": "CUR_ABILITY"
                                                }
                                            ], 
                                            "op_arg": [
                                                null, 
                                                null, 
                                                null, 
                                                null, 
                                                null
                                            ], 
                                            "op_arg_enable": [
                                                false, 
                                                false, 
                                                false, 
                                                false, 
                                                false
                                            ], 
                                            "sub_type": "UNIT_COMMAND_USE_SKILL"
                                        }
                                    ], 
                                    "bp": false, 
                                    "element_id": 2022281221000012, 
                                    "enable": true, 
                                    "op_arg": [
                                        {
                                            "arg_type": 100001, 
                                            "args_list": [
                                                true
                                            ], 
                                            "sub_type": 1
                                        }
                                    ], 
                                    "op_arg_enable": [
                                        false
                                    ]
                                }
                            ], 
                            "sub_type": 1
                        }
                    ], 
                    "bp": false, 
                    "element_id": 2022281221000005, 
                    "enable": true, 
                    "local_var": {
                        "__tuple__": true, 
                        "items": [
                            {}, 
                            {}
                        ]
                    }
                }
            ], 
            "call_enabled": true, 
            "condition": [], 
            "enabled": true, 
            "event": [
                {
                    "args_list": [], 
                    "element_id": 2022281221000002, 
                    "enable": true, 
                    "event_type": "ABILITY_CD_END"
                }
            ], 
            "group_id": 134236837, 
            "p_trigger_id": null, 
            "trigger_id": 2022281221, 
            "trigger_name": "\u51b7\u5374\u7ed3\u675f", 
            "valid": true, 
            "var_data": [
                {}, 
                {}, 
                []
            ]
        }, 
        "2046812163": {
            "action": [
                {
                    "action_type": "PRINT_MESSAGE_ACTION_TO_DIALOG", 
                    "args_list": [
                        {
                            "arg_type": 100175, 
                            "args_list": [
                                3
                            ], 
                            "sub_type": 1
                        }, 
                        {
                            "arg_type": 100003, 
                            "args_list": [
                                "\u91ca\u653e\u6cbb\u7597\u5708"
                            ], 
                            "sub_type": 1
                        }
                    ], 
                    "bp": false, 
                    "element_id": 2046812163000005, 
                    "enable": true
                }, 
                {
                    "action_type": "SET_VARIABLE", 
                    "args_list": [
                        {
                            "arg_type": 100030, 
                            "args_list": [
                                {
                                    "__tuple__": true, 
                                    "items": [
                                        "POINT", 
                                        "\u6280\u80fd\u62e5\u6709\u8005\u4f4d\u7f6e", 
                                        "local"
                                    ]
                                }
                            ], 
                            "sub_type": 1
                        }, 
                        {
                            "arg_type": 100004, 
                            "args_list": [
                                {
                                    "arg_type": 100006, 
                                    "args_list": [], 
                                    "sub_type": "ABILITY_OWNER"
                                }
                            ], 
                            "sub_type": "UNIT_ENTITY_POINT"
                        }
                    ], 
                    "bp": false, 
                    "element_id": 2046812163000063, 
                    "enable": true
                }, 
                {
                    "action_type": "CREATE_SFX_ON_POINT", 
                    "args_list": [
                        {
                            "arg_type": 100066, 
                            "args_list": [
                                104892
                            ], 
                            "sub_type": 1
                        }, 
                        {
                            "arg_type": 100004, 
                            "args_list": [
                                {
                                    "__tuple__": true, 
                                    "items": [
                                        "POINT", 
                                        "\u6280\u80fd\u62e5\u6709\u8005\u4f4d\u7f6e", 
                                        "local"
                                    ]
                                }
                            ], 
                            "sub_type": 19
                        }
                    ], 
                    "bp": false, 
                    "element_id": 2046812163000078, 
                    "enable": true, 
                    "op_arg": [
                        null, 
                        {
                            "arg_type": 100000, 
                            "args_list": [
                                1.0
                            ], 
                            "sub_type": 1
                        }, 
                        null, 
                        {
                            "arg_type": 100000, 
                            "args_list": [
                                2.0
                            ], 
                            "sub_type": 1
                        }, 
                        {
                            "arg_type": 100001, 
                            "args_list": [
                                true
                            ], 
                            "sub_type": 1
                        }
                    ], 
                    "op_arg_enable": [
                        false, 
                        true, 
                        false, 
                        true, 
                        false
                    ]
                }, 
                {
                    "action_type": "RUN_ONCE_TIMER_NO_SAVE", 
                    "args_list": [
                        {
                            "arg_type": 100000, 
                            "args_list": [
                                0.1
                            ], 
                            "sub_type": 1
                        }, 
                        {
                            "arg_type": 100022, 
                            "args_list": [
                                {
                                    "action_type": "CREATE_SFX_ON_POINT", 
                                    "args_list": [
                                        {
                                            "arg_type": 100066, 
                                            "args_list": [
                                                102975
                                            ], 
                                            "sub_type": 1
                                        }, 
                                        {
                                            "arg_type": 100004, 
                                            "args_list": [
                                                {
                                                    "__tuple__": true, 
                                                    "items": [
                                                        "POINT", 
                                                        "\u6280\u80fd\u62e5\u6709\u8005\u4f4d\u7f6e", 
                                                        "local"
                                                    ]
                                                }
                                            ], 
                                            "sub_type": 19
                                        }
                                    ], 
                                    "bp": false, 
                                    "element_id": 2046812163000092, 
                                    "enable": true, 
                                    "op_arg": [
                                        null, 
                                        null, 
                                        null, 
                                        {
                                            "arg_type": 100000, 
                                            "args_list": [
                                                2.0
                                            ], 
                                            "sub_type": 1
                                        }, 
                                        {
                                            "arg_type": 100001, 
                                            "args_list": [
                                                true
                                            ], 
                                            "sub_type": 1
                                        }
                                    ], 
                                    "op_arg_enable": [
                                        false, 
                                        false, 
                                        false, 
                                        true, 
                                        false
                                    ]
                                }, 
                                {
                                    "action_type": "RUN_LOOP_TIMER", 
                                    "args_list": [
                                        {
                                            "arg_type": 100181, 
                                            "args_list": [
                                                {
                                                    "__tuple__": true, 
                                                    "items": [
                                                        "NEW_TIMER", 
                                                        "\u6cbb\u7597\u8303\u56f4\u68c0\u6d4b\u5668", 
                                                        "local"
                                                    ]
                                                }
                                            ], 
                                            "sub_type": "VARIABLE"
                                        }, 
                                        {
                                            "arg_type": 100000, 
                                            "args_list": [
                                                0.2
                                            ], 
                                            "sub_type": 1
                                        }, 
                                        {
                                            "arg_type": 100001, 
                                            "args_list": [
                                                true
                                            ], 
                                            "sub_type": 1
                                        }, 
                                        {
                                            "arg_type": 100022, 
                                            "args_list": [], 
                                            "sub_type": 1
                                        }
                                    ], 
                                    "bp": false, 
                                    "element_id": 2046812163000121, 
                                    "enable": true, 
                                    "local_var": {
                                        "__tuple__": true, 
                                        "items": [
                                            {}, 
                                            {}
                                        ]
                                    }
                                }
                            ], 
                            "sub_type": 1
                        }
                    ], 
                    "bp": false, 
                    "element_id": 2046812163000050, 
                    "enable": true, 
                    "local_var": {
                        "__tuple__": true, 
                        "items": [
                            {}, 
                            {}
                        ]
                    }
                }, 
                {
                    "action_type": "PICK_UNIT_DO_ACTION", 
                    "args_list": [
                        {
                            "arg_type": 100026, 
                            "args_list": [
                                {
                                    "arg_type": 100004, 
                                    "args_list": [
                                        {
                                            "__tuple__": true, 
                                            "items": [
                                                "POINT", 
                                                "\u6280\u80fd\u62e5\u6709\u8005\u4f4d\u7f6e", 
                                                "local"
                                            ]
                                        }
                                    ], 
                                    "sub_type": 19
                                }, 
                                {
                                    "arg_type": 100211, 
                                    "args_list": [
                                        {
                                            "arg_type": 100000, 
                                            "args_list": [
                                                500.0
                                            ], 
                                            "sub_type": 1
                                        }
                                    ], 
                                    "sub_type": "CONST_CIRCULAR_SHAPE"
                                }
                            ], 
                            "op_arg": [
                                null, 
                                null, 
                                null, 
                                null, 
                                null, 
                                null, 
                                null, 
                                null, 
                                null, 
                                null, 
                                null, 
                                {
                                    "arg_type": 100001, 
                                    "args_list": [
                                        true
                                    ], 
                                    "sub_type": 1
                                }, 
                                null, 
                                null, 
                                null
                            ], 
                            "op_arg_enable": [
                                false, 
                                false, 
                                false, 
                                false, 
                                false, 
                                false, 
                                false, 
                                false, 
                                false, 
                                false, 
                                false, 
                                false, 
                                false, 
                                false, 
                                false
                            ], 
                            "sub_type": "UNIT_LIST_IN_SHAPE"
                        }, 
                        {
                            "arg_type": 100022, 
                            "args_list": [
                                {
                                    "action_type": "CURE_UNIT", 
                                    "args_list": [
                                        {
                                            "arg_type": 100006, 
                                            "args_list": [], 
                                            "sub_type": "FOR_EACH_SELECTED_UNIT"
                                        }, 
                                        {
                                            "arg_type": 100000, 
                                            "args_list": [
                                                10.0
                                            ], 
                                            "sub_type": 1
                                        }, 
                                        {
                                            "arg_type": 100001, 
                                            "args_list": [
                                                true
                                            ], 
                                            "sub_type": 1
                                        }
                                    ], 
                                    "bp": false, 
                                    "element_id": 2046812163000183, 
                                    "enable": true, 
                                    "op_arg": [
                                        null, 
                                        null, 
                                        null, 
                                        null, 
                                        null
                                    ], 
                                    "op_arg_enable": [
                                        false, 
                                        false, 
                                        false, 
                                        false, 
                                        false
                                    ]
                                }
                            ], 
                            "sub_type": 1
                        }
                    ], 
                    "bp": false, 
                    "element_id": 2046812163000168, 
                    "enable": true
                }
            ], 
            "call_enabled": true, 
            "condition": [], 
            "enabled": true, 
            "event": [
                {
                    "args_list": [], 
                    "element_id": 2046812163000002, 
                    "enable": true, 
                    "event_type": "ABILITY_PS_START"
                }
            ], 
            "group_id": 134236837, 
            "p_trigger_id": null, 
            "trigger_id": 2046812163, 
            "trigger_name": "\u65bd\u6cd5\u5f00\u59cb", 
            "valid": true, 
            "var_data": [
                {
                    "NEW_TIMER": {
                        "\u6cbb\u7597\u8303\u56f4\u68c0\u6d4b\u5668": -1
                    }, 
                    "POINT": {
                        "\u6280\u80fd\u62e5\u6709\u8005\u4f4d\u7f6e": {
                            "__tuple__": true, 
                            "items": [
                                0, 
                                0, 
                                0
                            ]
                        }
                    }, 
                    "ROUND_AREA": {
                        "\u8303\u56f4": 0
                    }
                }, 
                {
                    "\u6280\u80fd\u62e5\u6709\u8005\u4f4d\u7f6e": 0, 
                    "\u6cbb\u7597\u8303\u56f4\u68c0\u6d4b\u5668": 0, 
                    "\u8303\u56f4": 0
                }, 
                [
                    "\u6280\u80fd\u62e5\u6709\u8005\u4f4d\u7f6e", 
                    "\u8303\u56f4", 
                    "\u6cbb\u7597\u8303\u56f4\u68c0\u6d4b\u5668"
                ]
            ]
        }
    }, 
    "trigger_group_info": [
        {
            "_trigger_group_": true, 
            "group": [
                {
                    "__tuple__": true, 
                    "items": [
                        236101633, 
                        "\u83b7\u5f97\u6280\u80fd"
                    ]
                }, 
                {
                    "__tuple__": true, 
                    "items": [
                        76247042, 
                        "\u6280\u80fd\u7b49\u7ea7\u53d8\u5316"
                    ]
                }, 
                {
                    "__tuple__": true, 
                    "items": [
                        2046812163, 
                        "\u65bd\u6cd5\u5f00\u59cb"
                    ]
                }, 
                {
                    "__tuple__": true, 
                    "items": [
                        1686614020, 
                        "\u65bd\u6cd5\u7ed3\u675f"
                    ]
                }, 
                {
                    "__tuple__": true, 
                    "items": [
                        2022281221, 
                        "\u51b7\u5374\u7ed3\u675f"
                    ]
                }
            ], 
            "key": 134236837, 
            "name": "134236837"
        }
    ], 
    "trigger_version": "1.2", 
    "variable_dict": {
        "FLOAT": {
            "\u6280\u80fd\u5f71\u54cd\u8303\u56f4": 0.0
        }, 
        "ROUND_AREA": {
            "\u6548\u679c\u8303\u56f4": 0
        }, 
        "SFX_KEY": {}
    }, 
    "variable_group_info": [
        {
            "__tuple__": true, 
            "items": [
                "\u6280\u80fd\u5f71\u54cd\u8303\u56f4", 
                "\u6280\u80fd\u5f71\u54cd\u8303\u56f4"
            ]
        }, 
        {
            "__tuple__": true, 
            "items": [
                "\u6548\u679c\u8303\u56f4", 
                "\u6548\u679c\u8303\u56f4"
            ]
        }
    ], 
    "variable_length_dict": {
        "\u6280\u80fd\u5f71\u54cd\u8303\u56f4": 0, 
        "\u6548\u679c\u8303\u56f4": 0
    }
}