{
    "134241605": {
        "editor_effect": {
            "model_id": 134241605,
            "name": "\u5b9d\u7269\u6253\u9020\u5706\u5f62\u6307\u793a\u5668_1",
            "res_type": "kkres",
            "version": 1,
            "describe": "134277330",
            "key": 134241605,
            "res_identify": "",
            "scale": 1.0,
            "aoi_visibility": false,
            "source_effect": [
                102896
            ],
            "uid": 134241605,
            "md5": "368d78e9dbb26bc65fcf8a55a4afe3cb",
            "deps_info": {
                "deps": [
                    [
                        "editor_model",
                        205826
                    ],
                    [
                        "editor_icon",
                        900587
                    ],
                    [
                        "editor_icon",
                        902773
                    ],
                    [
                        "editor_icon",
                        902835
                    ]
                ],
                "sound_id_list": []
            }
        },
        "model": {
            "name": "\u5b9d\u7269\u6253\u9020\u5706\u5f62\u6307\u793a\u5668_1",
            "model_id": 134241605,
            "meshes": [],
            "effect_path": "Fx_Effect/Realism/Fx_Ui/86df99ee-36ad-4424-9cdd-61b3e1326cf7",
            "custom": true,
            "effect_keep": true,
            "effect_max_life": -1,
            "is_beam_effect": false
        }
    },
    "sub_type": null,
    "res_type": "editor_effect",
    "import_export_folder_info": "/code_explorer_custom_root_folder_name"
}