{
    "134220367": {
        "editor_effect": {
            "model_id": 134220367,
            "name": "\u5b9d\u7269\u6307\u793a\u5668",
            "res_type": "kkres",
            "version": 1,
            "describe": "134220367",
            "key": 134220367,
            "res_identify": "",
            "scale": 1.0,
            "aoi_visibility": false,
            "source_effect": [],
            "uid": 134220367,
            "md5": "f06549cd15d52c9cbc1bef7c974cee14",
            "deps_info": {
                "deps": [
                    [
                        "editor_icon",
                        900134
                    ]
                ],
                "sound_id_list": []
            }
        },
        "model": {
            "name": "\u5b9d\u7269\u6307\u793a\u5668",
            "model_id": 134220367,
            "meshes": [],
            "effect_path": "Fx_Effect/OtherType/Other_Type_blank_copy",
            "custom": true,
            "effect_keep": true,
            "effect_max_life": -1,
            "is_beam_effect": false
        }
    },
    "sub_type": null,
    "res_type": "editor_effect",
    "import_export_folder_info": "/code_explorer_custom_root_folder_name"
}