<?xml version='1.0' encoding='utf-8'?>
<Resource>
	<Version>2</Version>
	<SMaterialData>
		<Root>
			<Sub />
			<Entity type="SMaterialData">
				<name>_material</name>
				<info>
					<Layers count="11" ordered="true">
						<Element index="0">
							<LayerName>__none___submat</LayerName>
							<ShaderName>Particle</ShaderName>
							<Parameters count="11" ordered="true">
								<Element index="0">
									<Name>DiffuseTexture</Name>
									<Value>ffffffff-0100-0000-0100-000047000000</Value>
								</Element>
								<Element index="1">
									<Name>InvFadeDistance</Name>
									<Value>0</Value>
								</Element>
								<Element index="2">
									<Name>ModulateColor</Name>
									<Value>(1, 1, 1, 1)</Value>
								</Element>
								<Element index="3">
									<Name>Soft</Name>
									<Value>0</Value>
								</Element>
								<Element index="4">
									<Name>HDRScale</Name>
									<Value>2</Value>
								</Element>
								<Element index="5">
									<Name>UVScale</Name>
									<Value>(1, 1)</Value>
								</Element>
								<Element index="6">
									<Name>Local</Name>
									<Value>1</Value>
								</Element>
								<Element index="7">
									<Name>BloomScale</Name>
									<Value>0.5</Value>
								</Element>
								<Element index="8">
									<Name>FogStrength</Name>
									<Value>0</Value>
								</Element>
								<Element index="9">
									<Name>DepthBias</Name>
									<Value>0</Value>
								</Element>
								<Element index="10">
									<Name>Distortion</Name>
									<Value>0</Value>
								</Element>
							</Parameters>
							<InactiveParameters count="0" ordered="true" />
							<MultiPassMaterials count="0" ordered="true" />
						</Element>
						<Element index="1">
							<LayerName>wuqi_submat</LayerName>
							<ShaderName>Effect/Basic</ShaderName>
							<Parameters count="10" ordered="true">
								<Element index="0">
									<Name>DiffuseTexture</Name>
									<Value>92112045-ff2f-4abf-bb14-48a6c67d306f</Value>
								</Element>
								<Element index="1">
									<Name>FogStrength</Name>
									<Value>0</Value>
								</Element>
								<Element index="2">
									<Name>ModulateColor</Name>
									<Value>(4, 4, 4, 1)</Value>
								</Element>
								<Element index="3">
									<Name>HDRScale</Name>
									<Value>2</Value>
								</Element>
								<Element index="4">
									<Name>DepthBias</Name>
									<Value>0</Value>
								</Element>
								<Element index="5">
									<Name>BloomScale</Name>
									<Value>0.5</Value>
								</Element>
								<Element index="6">
									<Name>Local</Name>
									<Value>true</Value>
								</Element>
								<Element index="7">
									<Name>Distortion</Name>
									<Value>false</Value>
								</Element>
								<Element index="8">
									<Name>Soft</Name>
									<Value>false</Value>
								</Element>
								<Element index="9">
									<Name>invFadeDistance</Name>
									<Value>0</Value>
								</Element>
							</Parameters>
							<InactiveParameters count="0" ordered="true" />
							<MultiPassMaterials count="0" ordered="true" />
						</Element>
						<Element index="2">
							<LayerName>wuqi_v01_submat</LayerName>
							<ShaderName>Effect/Basic</ShaderName>
							<Parameters count="10" ordered="true">
								<Element index="0">
									<Name>DiffuseTexture</Name>
									<Value>92112045-ff2f-4abf-bb14-48a6c67d306f</Value>
								</Element>
								<Element index="1">
									<Name>FogStrength</Name>
									<Value>0</Value>
								</Element>
								<Element index="2">
									<Name>ModulateColor</Name>
									<Value>(4, 4, 4, 1)</Value>
								</Element>
								<Element index="3">
									<Name>HDRScale</Name>
									<Value>2</Value>
								</Element>
								<Element index="4">
									<Name>DepthBias</Name>
									<Value>0</Value>
								</Element>
								<Element index="5">
									<Name>BloomScale</Name>
									<Value>0.5</Value>
								</Element>
								<Element index="6">
									<Name>Local</Name>
									<Value>true</Value>
								</Element>
								<Element index="7">
									<Name>Distortion</Name>
									<Value>false</Value>
								</Element>
								<Element index="8">
									<Name>Soft</Name>
									<Value>false</Value>
								</Element>
								<Element index="9">
									<Name>invFadeDistance</Name>
									<Value>0</Value>
								</Element>
							</Parameters>
							<InactiveParameters count="0" ordered="true" />
							<MultiPassMaterials count="0" ordered="true" />
						</Element>
						<Element index="3">
							<LayerName>wuqi02_submat</LayerName>
							<ShaderName>Effect/Fresnel</ShaderName>
							<Parameters count="18" ordered="true">
								<Element index="0">
									<Name>DiffuseTexture</Name>
									<Value>00000000-0000-0000-0000-000000000000</Value>
								</Element>
								<Element index="1">
									<Name>MaskTexture</Name>
									<Value>00000000-0000-0000-0000-000000000000</Value>
								</Element>
								<Element index="2">
									<Name>TwistTexture</Name>
									<Value>00000000-0000-0000-0000-000000000000</Value>
								</Element>
								<Element index="3">
									<Name>DepthBias</Name>
									<Value>0</Value>
								</Element>
								<Element index="4">
									<Name>FresnelPower</Name>
									<Value>4</Value>
								</Element>
								<Element index="5">
									<Name>TwistUVScolling</Name>
									<Value>(1, 1, 0, 0)</Value>
								</Element>
								<Element index="6">
									<Name>FresnelAlpha</Name>
									<Value>1</Value>
								</Element>
								<Element index="7">
									<Name>TwistStrength</Name>
									<Value>(0.10000000149011612, 0.10000000149011612)</Value>
								</Element>
								<Element index="8">
									<Name>HDRScale</Name>
									<Value>1</Value>
								</Element>
								<Element index="9">
									<Name>InvFadeDistance</Name>
									<Value>0</Value>
								</Element>
								<Element index="10">
									<Name>ModulateColor</Name>
									<Value>(5, 5, 5, 0)</Value>
								</Element>
								<Element index="11">
									<Name>DiffuseUVScolling</Name>
									<Value>(1, 1, 0, 0)</Value>
								</Element>
								<Element index="12">
									<Name>Soft</Name>
									<Value>false</Value>
								</Element>
								<Element index="13">
									<Name>FogStrength</Name>
									<Value>0</Value>
								</Element>
								<Element index="14">
									<Name>BloomScale</Name>
									<Value>1</Value>
								</Element>
								<Element index="15">
									<Name>Local</Name>
									<Value>true</Value>
								</Element>
								<Element index="16">
									<Name>Distortion</Name>
									<Value>false</Value>
								</Element>
								<Element index="17">
									<Name>invFadeDistance</Name>
									<Value>0</Value>
								</Element>
							</Parameters>
							<InactiveParameters count="0" ordered="true" />
							<MultiPassMaterials count="0" ordered="true" />
						</Element>
						<Element index="4">
							<LayerName>wuqi03_submat</LayerName>
							<ShaderName>Effect/Fresnel</ShaderName>
							<Parameters count="18" ordered="true">
								<Element index="0">
									<Name>DiffuseTexture</Name>
									<Value>00000000-0000-0000-0000-000000000000</Value>
								</Element>
								<Element index="1">
									<Name>MaskTexture</Name>
									<Value>00000000-0000-0000-0000-000000000000</Value>
								</Element>
								<Element index="2">
									<Name>TwistTexture</Name>
									<Value>00000000-0000-0000-0000-000000000000</Value>
								</Element>
								<Element index="3">
									<Name>DepthBias</Name>
									<Value>0</Value>
								</Element>
								<Element index="4">
									<Name>FresnelPower</Name>
									<Value>1</Value>
								</Element>
								<Element index="5">
									<Name>TwistUVScolling</Name>
									<Value>(1, 1, 0, 0)</Value>
								</Element>
								<Element index="6">
									<Name>FresnelAlpha</Name>
									<Value>1</Value>
								</Element>
								<Element index="7">
									<Name>TwistStrength</Name>
									<Value>(0.10000000149011612, 0.10000000149011612)</Value>
								</Element>
								<Element index="8">
									<Name>HDRScale</Name>
									<Value>1</Value>
								</Element>
								<Element index="9">
									<Name>InvFadeDistance</Name>
									<Value>0</Value>
								</Element>
								<Element index="10">
									<Name>ModulateColor</Name>
									<Value>(5, 5, 5, 0)</Value>
								</Element>
								<Element index="11">
									<Name>DiffuseUVScolling</Name>
									<Value>(1, 1, 0, 0)</Value>
								</Element>
								<Element index="12">
									<Name>Soft</Name>
									<Value>false</Value>
								</Element>
								<Element index="13">
									<Name>FogStrength</Name>
									<Value>0</Value>
								</Element>
								<Element index="14">
									<Name>BloomScale</Name>
									<Value>1</Value>
								</Element>
								<Element index="15">
									<Name>Local</Name>
									<Value>true</Value>
								</Element>
								<Element index="16">
									<Name>Distortion</Name>
									<Value>false</Value>
								</Element>
								<Element index="17">
									<Name>invFadeDistance</Name>
									<Value>0</Value>
								</Element>
							</Parameters>
							<InactiveParameters count="0" ordered="true" />
							<MultiPassMaterials count="0" ordered="true" />
						</Element>
						<Element index="5">
							<LayerName>wuqi04_submat</LayerName>
							<ShaderName>Effect/Fresnel</ShaderName>
							<Parameters count="18" ordered="true">
								<Element index="0">
									<Name>DiffuseTexture</Name>
									<Value>00000000-0000-0000-0000-000000000000</Value>
								</Element>
								<Element index="1">
									<Name>MaskTexture</Name>
									<Value>00000000-0000-0000-0000-000000000000</Value>
								</Element>
								<Element index="2">
									<Name>TwistTexture</Name>
									<Value>00000000-0000-0000-0000-000000000000</Value>
								</Element>
								<Element index="3">
									<Name>DepthBias</Name>
									<Value>0</Value>
								</Element>
								<Element index="4">
									<Name>FresnelPower</Name>
									<Value>2</Value>
								</Element>
								<Element index="5">
									<Name>TwistUVScolling</Name>
									<Value>(1, 1, 0, 0)</Value>
								</Element>
								<Element index="6">
									<Name>FresnelAlpha</Name>
									<Value>1</Value>
								</Element>
								<Element index="7">
									<Name>TwistStrength</Name>
									<Value>(0.10000000149011612, 0.10000000149011612)</Value>
								</Element>
								<Element index="8">
									<Name>HDRScale</Name>
									<Value>1</Value>
								</Element>
								<Element index="9">
									<Name>InvFadeDistance</Name>
									<Value>0</Value>
								</Element>
								<Element index="10">
									<Name>ModulateColor</Name>
									<Value>(5, 5, 5, 0)</Value>
								</Element>
								<Element index="11">
									<Name>DiffuseUVScolling</Name>
									<Value>(1, 1, 0, 0)</Value>
								</Element>
								<Element index="12">
									<Name>Soft</Name>
									<Value>false</Value>
								</Element>
								<Element index="13">
									<Name>FogStrength</Name>
									<Value>0</Value>
								</Element>
								<Element index="14">
									<Name>BloomScale</Name>
									<Value>1</Value>
								</Element>
								<Element index="15">
									<Name>Local</Name>
									<Value>true</Value>
								</Element>
								<Element index="16">
									<Name>Distortion</Name>
									<Value>false</Value>
								</Element>
								<Element index="17">
									<Name>invFadeDistance</Name>
									<Value>0</Value>
								</Element>
							</Parameters>
							<InactiveParameters count="0" ordered="true" />
							<MultiPassMaterials count="0" ordered="true" />
						</Element>
						<Element index="6">
							<LayerName>lizi01_submat</LayerName>
							<ShaderName>Particle</ShaderName>
							<Parameters count="12" ordered="true">
								<Element index="0">
									<Name>DiffuseTexture</Name>
									<Value>df9864e9-6afd-4741-95a0-f7749ef15a0e</Value>
								</Element>
								<Element index="1">
									<Name>InvFadeDistance</Name>
									<Value>0</Value>
								</Element>
								<Element index="2">
									<Name>ModulateColor</Name>
									<Value>(10, 10, 10, 1)</Value>
								</Element>
								<Element index="3">
									<Name>Soft</Name>
									<Value>false</Value>
								</Element>
								<Element index="4">
									<Name>HDRScale</Name>
									<Value>2</Value>
								</Element>
								<Element index="5">
									<Name>UVScale</Name>
									<Value>(1, 1)</Value>
								</Element>
								<Element index="6">
									<Name>Local</Name>
									<Value>false</Value>
								</Element>
								<Element index="7">
									<Name>BloomScale</Name>
									<Value>0.5</Value>
								</Element>
								<Element index="8">
									<Name>FogStrength</Name>
									<Value>0</Value>
								</Element>
								<Element index="9">
									<Name>DepthBias</Name>
									<Value>0</Value>
								</Element>
								<Element index="10">
									<Name>Distortion</Name>
									<Value>false</Value>
								</Element>
								<Element index="11">
									<Name>invFadeDistance</Name>
									<Value>0</Value>
								</Element>
							</Parameters>
							<InactiveParameters count="0" ordered="true" />
							<MultiPassMaterials count="0" ordered="true" />
						</Element>
						<Element index="7">
							<LayerName>lizi02_submat</LayerName>
							<ShaderName>Particle</ShaderName>
							<Parameters count="12" ordered="true">
								<Element index="0">
									<Name>DiffuseTexture</Name>
									<Value>fa95fec7-2f7f-4da8-8c9a-5474879164c8</Value>
								</Element>
								<Element index="1">
									<Name>InvFadeDistance</Name>
									<Value>0</Value>
								</Element>
								<Element index="2">
									<Name>ModulateColor</Name>
									<Value>(12, 12, 12, 1)</Value>
								</Element>
								<Element index="3">
									<Name>Soft</Name>
									<Value>false</Value>
								</Element>
								<Element index="4">
									<Name>HDRScale</Name>
									<Value>2</Value>
								</Element>
								<Element index="5">
									<Name>UVScale</Name>
									<Value>(1, 1)</Value>
								</Element>
								<Element index="6">
									<Name>Local</Name>
									<Value>false</Value>
								</Element>
								<Element index="7">
									<Name>BloomScale</Name>
									<Value>0.5</Value>
								</Element>
								<Element index="8">
									<Name>FogStrength</Name>
									<Value>0</Value>
								</Element>
								<Element index="9">
									<Name>DepthBias</Name>
									<Value>0</Value>
								</Element>
								<Element index="10">
									<Name>Distortion</Name>
									<Value>false</Value>
								</Element>
								<Element index="11">
									<Name>invFadeDistance</Name>
									<Value>0</Value>
								</Element>
							</Parameters>
							<InactiveParameters count="0" ordered="true" />
							<MultiPassMaterials count="0" ordered="true" />
						</Element>
						<Element index="8">
							<LayerName>tw02_submat</LayerName>
							<ShaderName>Particle</ShaderName>
							<Parameters count="11" ordered="true">
								<Element index="0">
									<Name>DiffuseTexture</Name>
									<Value>aebccc99-102a-5525-9ab9-7d12c4187cf1</Value>
								</Element>
								<Element index="1">
									<Name>InvFadeDistance</Name>
									<Value>5</Value>
								</Element>
								<Element index="2">
									<Name>ModulateColor</Name>
									<Value>(5, 5, 5, 1)</Value>
								</Element>
								<Element index="3">
									<Name>Soft</Name>
									<Value>0</Value>
								</Element>
								<Element index="4">
									<Name>HDRScale</Name>
									<Value>2</Value>
								</Element>
								<Element index="5">
									<Name>UVScale</Name>
									<Value>(1, 1)</Value>
								</Element>
								<Element index="6">
									<Name>Local</Name>
									<Value>false</Value>
								</Element>
								<Element index="7">
									<Name>BloomScale</Name>
									<Value>0.5</Value>
								</Element>
								<Element index="8">
									<Name>FogStrength</Name>
									<Value>0</Value>
								</Element>
								<Element index="9">
									<Name>DepthBias</Name>
									<Value>0</Value>
								</Element>
								<Element index="10">
									<Name>Distortion</Name>
									<Value>0</Value>
								</Element>
							</Parameters>
							<InactiveParameters count="0" ordered="true" />
							<MultiPassMaterials count="0" ordered="true" />
						</Element>
						<Element index="9">
							<LayerName>canying01_submat</LayerName>
							<ShaderName>Particle</ShaderName>
							<Parameters count="12" ordered="true">
								<Element index="0">
									<Name>DiffuseTexture</Name>
									<Value>635ffd99-bf8e-4f5f-adf7-b120919a7dd3</Value>
								</Element>
								<Element index="1">
									<Name>InvFadeDistance</Name>
									<Value>0</Value>
								</Element>
								<Element index="2">
									<Name>ModulateColor</Name>
									<Value>(1, 1, 1, 1)</Value>
								</Element>
								<Element index="3">
									<Name>Soft</Name>
									<Value>false</Value>
								</Element>
								<Element index="4">
									<Name>HDRScale</Name>
									<Value>2</Value>
								</Element>
								<Element index="5">
									<Name>UVScale</Name>
									<Value>(1, 1)</Value>
								</Element>
								<Element index="6">
									<Name>Local</Name>
									<Value>false</Value>
								</Element>
								<Element index="7">
									<Name>BloomScale</Name>
									<Value>0.5</Value>
								</Element>
								<Element index="8">
									<Name>FogStrength</Name>
									<Value>0</Value>
								</Element>
								<Element index="9">
									<Name>DepthBias</Name>
									<Value>0</Value>
								</Element>
								<Element index="10">
									<Name>Distortion</Name>
									<Value>false</Value>
								</Element>
								<Element index="11">
									<Name>invFadeDistance</Name>
									<Value>0</Value>
								</Element>
							</Parameters>
							<InactiveParameters count="0" ordered="true" />
							<MultiPassMaterials count="0" ordered="true" />
						</Element>
						<Element index="10">
							<LayerName>canying02_submat</LayerName>
							<ShaderName>Particle</ShaderName>
							<Parameters count="12" ordered="true">
								<Element index="0">
									<Name>DiffuseTexture</Name>
									<Value>635ffd99-bf8e-4f5f-adf7-b120919a7dd3</Value>
								</Element>
								<Element index="1">
									<Name>InvFadeDistance</Name>
									<Value>0</Value>
								</Element>
								<Element index="2">
									<Name>ModulateColor</Name>
									<Value>(1, 1, 1, 1)</Value>
								</Element>
								<Element index="3">
									<Name>Soft</Name>
									<Value>false</Value>
								</Element>
								<Element index="4">
									<Name>HDRScale</Name>
									<Value>2</Value>
								</Element>
								<Element index="5">
									<Name>UVScale</Name>
									<Value>(1, 1)</Value>
								</Element>
								<Element index="6">
									<Name>Local</Name>
									<Value>false</Value>
								</Element>
								<Element index="7">
									<Name>BloomScale</Name>
									<Value>0.5</Value>
								</Element>
								<Element index="8">
									<Name>FogStrength</Name>
									<Value>0</Value>
								</Element>
								<Element index="9">
									<Name>DepthBias</Name>
									<Value>0</Value>
								</Element>
								<Element index="10">
									<Name>Distortion</Name>
									<Value>false</Value>
								</Element>
								<Element index="11">
									<Name>invFadeDistance</Name>
									<Value>0</Value>
								</Element>
							</Parameters>
							<InactiveParameters count="0" ordered="true" />
							<MultiPassMaterials count="0" ordered="true" />
						</Element>
					</Layers>
				</info>
				<flags count="11" ordered="true">
					<Element index="0">1048608</Element>
					<Element index="1">1048608</Element>
					<Element index="2">1048608</Element>
					<Element index="3">1048608</Element>
					<Element index="4">1048608</Element>
					<Element index="5">1048608</Element>
					<Element index="6">1048608</Element>
					<Element index="7">1048608</Element>
					<Element index="8">1048608</Element>
					<Element index="9">1048608</Element>
					<Element index="10">1048608</Element>
				</flags>
			</Entity>
		</Root>
	</SMaterialData>
</Resource>
