{
    "134274584": {
        "editor_effect": {
            "deps_info": {
                "deps": [
                    [
                        "editor_icon",
                        900311
                    ],
                    [
                        "editor_icon",
                        901618
                    ],
                    [
                        "editor_icon",
                        900489
                    ],
                    [
                        "editor_icon",
                        901411
                    ],
                    [
                        "editor_icon",
                        901783
                    ],
                    [
                        "editor_icon",
                        902105
                    ],
                    [
                        "editor_icon",
                        901751
                    ],
                    [
                        "editor_icon",
                        900691
                    ]
                ],
                "sound_id_list": []
            },
            "describe": "134274584",
            "key": 134274584,
            "model_id": 134221318,
            "name": "\u53e0\u6012\u7279\u6548",
            "preview_icon": "",
            "res_identify": "",
            "scale": 1.0,
            "source_effect": [
                101309
            ],
            "uid": "134274584"
        },
        "model": {
            "custom": true,
            "effect_keep": true,
            "effect_max_life": -1,
            "effect_path": "Fx_Effect/Cartoon/Fx_Common/Buff/Buff_5075_skill_huanhua_04_copy",
            "is_beam_effect": false,
            "materials": [],
            "meshes": [],
            "model_id": 134221318,
            "name": "\u53e0\u6012\u7279\u6548",
            "ori_material_infos": []
        }
    },
    "sub_type": null,
    "res_type": "editor_effect",
    "import_export_folder_info": "/code_explorer_custom_root_folder_name"
}