{
    "path": "ui/134270599",
    "describe": "",
    "name": "Group 31 (4)",
    "res_name": "Group 31 (4).png",
    "key": 134270599,
    "uid": "134270599",
    "size": "1075X1080",
    "url": "https://kk3.nosdn.127.net/editor/png/8f60e65e98e2f412e9e843f3149ec6f0.png",
    "has_upload": false,
    "version": 1,
    "sub_type": "icon",
    "custom_editor_type": "custom_editor_icon",
    "md5": "de2a3733e357968100fd8dc99033753c",
    "res_type": "editor_icon",
    "import_export_folder_info": "/code_explorer_custom_root_folder_name"
}