{
    "custom_editor_type": "custom_editor_icon",
    "describe": "",
    "has_upload": false,
    "key": 134238278,
    "md5": "c8cdc094919f23a406e1ff89f860493e",
    "name": "dfab0f12-0688-462f-93b1-83696acaecd5",
    "path": "ui/134238278",
    "res_name": "dfab0f12-0688-462f-93b1-83696acaecd5.webp",
    "size": "1024X1024",
    "sub_type": "icon",
    "uid": "134238278",
    "url": "https://kk3.nosdn.127.net/editor/webp/b2fc36d4451dabe709b0d35d820d0f37.webp",
    "version": 1,
    "res_type": "editor_icon",
    "import_export_folder_info": "/code_explorer_custom_root_folder_name"
}